# piezo_capture_simple | baseline=9 | dt_us=16.008 | fs_Hz=62469 | trig=30 | mode=continuous
event,n,t_us,adc_raw,v_piezo
0,14843,14843000,9,0.0000
0,14844,14844000,10,0.0049
0,14845,14845000,10,0.0049
0,14846,14846000,9,0.0000
0,14847,14847000,9,0.0000
0,14848,14848000,9,0.0000
0,14849,14849000,9,0.0000
0,14850,14850000,9,0.0000
0,14851,14851000,9,0.0000
0,14852,14852000,9,0.0000
0,14853,14853000,9,0.0000
0,14854,14854000,9,0.0000
0,14855,14855000,9,0.0000
0,14856,14856000,9,0.0000
0,14857,14857000,9,0.0000
0,14858,14858000,9,0.0000
0,14859,14859000,9,0.0000
0,14860,14860000,9,0.0000
0,14861,14861000,9,0.0000
0,14862,14862000,9,0.0000
0,14863,14863000,9,0.0000
0,14864,14864000,9,0.0000
0,14865,14865000,9,0.0000
0,14866,14866000,9,0.0000
0,14867,14867000,10,0.0049
0,14868,14868000,9,0.0000
0,14869,14869000,9,0.0000
0,14870,14870000,9,0.0000
0,14871,14871000,10,0.0049
0,14872,14872000,10,0.0049
0,14873,14873000,9,0.0000
0,14874,14874000,9,0.0000
0,14875,14875000,9,0.0000
0,14876,14876000,10,0.0049
0,14877,14877000,9,0.0000
0,14878,14878000,10,0.0049
0,14879,14879000,10,0.0049
0,14880,14880000,10,0.0049
0,14881,14881000,10,0.0049
0,14882,14882000,10,0.0049
0,14883,14883000,10,0.0049
0,14884,14884000,10,0.0049
0,14885,14885000,10,0.0049
0,14886,14886000,10,0.0049
0,14887,14887000,9,0.0000
0,14888,14888000,10,0.0049
0,14889,14889000,9,0.0000
0,14890,14890000,9,0.0000
0,14891,14891000,9,0.0000
0,14892,14892000,10,0.0049
0,14893,14893000,9,0.0000
0,14894,14894000,10,0.0049
0,14895,14895000,10,0.0049
0,14896,14896000,10,0.0049
0,14897,14897000,9,0.0000
0,14898,14898000,9,0.0000
0,14899,14899000,9,0.0000
0,14900,14900000,10,0.0049
0,14901,14901000,9,0.0000
0,14902,14902000,9,0.0000
0,14903,14903000,9,0.0000
0,14904,14904000,9,0.0000
0,14905,14905000,10,0.0049
0,14906,14906000,9,0.0000
0,14907,14907000,9,0.0000
0,14908,14908000,9,0.0000
0,14909,14909000,9,0.0000
0,14910,14910000,9,0.0000
0,14911,14911000,9,0.0000
0,14912,14912000,9,0.0000
0,14913,14913000,9,0.0000
0,14914,14914000,9,0.0000
0,14915,14915000,9,0.0000
0,14916,14916000,10,0.0049
0,14917,14917000,9,0.0000
0,14918,14918000,9,0.0000
0,14919,14919000,9,0.0000
0,14920,14920000,9,0.0000
0,14921,14921000,9,0.0000
0,14922,14922000,9,0.0000
0,14923,14923000,9,0.0000
0,14924,14924000,10,0.0049
0,14925,14925000,9,0.0000
0,14926,14926000,9,0.0000
0,14927,14927000,9,0.0000
0,14928,14928000,9,0.0000
0,14929,14929000,9,0.0000
0,14930,14930000,9,0.0000
0,14931,14931000,10,0.0049
0,14932,14932000,9,0.0000
0,14933,14933000,9,0.0000
0,14934,14934000,9,0.0000
0,14935,14935000,9,0.0000
0,14936,14936000,9,0.0000
0,14937,14937000,9,0.0000
0,14938,14938000,9,0.0000
0,14939,14939000,9,0.0000
0,14940,14940000,9,0.0000
0,14941,14941000,10,0.0049
0,14942,14942000,9,0.0000
0,14943,14943000,9,0.0000
0,14944,14944000,9,0.0000
0,14945,14945000,9,0.0000
0,14946,14946000,9,0.0000
0,14947,14947000,9,0.0000
0,14948,14948000,9,0.0000
0,14949,14949000,9,0.0000
0,14950,14950000,9,0.0000
0,14951,14951000,9,0.0000
0,14952,14952000,9,0.0000
0,14953,14953000,9,0.0000
0,14954,14954000,9,0.0000
0,14955,14955000,9,0.0000
0,14956,14956000,9,0.0000
0,14957,14957000,9,0.0000
0,14958,14958000,9,0.0000
0,14959,14959000,9,0.0000
0,14960,14960000,9,0.0000
0,14961,14961000,9,0.0000
0,14962,14962000,10,0.0049
0,14963,14963000,9,0.0000
0,14964,14964000,9,0.0000
0,14965,14965000,10,0.0049
0,14966,14966000,9,0.0000
0,14967,14967000,9,0.0000
0,14968,14968000,10,0.0049
0,14969,14969000,10,0.0049
0,14970,14970000,9,0.0000
0,14971,14971000,9,0.0000
0,14972,14972000,9,0.0000
0,14973,14973000,10,0.0049
0,14974,14974000,9,0.0000
0,14975,14975000,10,0.0049
0,14976,14976000,9,0.0000
0,14977,14977000,9,0.0000
0,14978,14978000,9,0.0000
0,14979,14979000,9,0.0000
0,14980,14980000,9,0.0000
0,14981,14981000,9,0.0000
0,14982,14982000,9,0.0000
0,14983,14983000,10,0.0049
0,14984,14984000,9,0.0000
0,14985,14985000,9,0.0000
0,14986,14986000,9,0.0000
0,14987,14987000,9,0.0000
0,14988,14988000,9,0.0000
0,14989,14989000,9,0.0000
0,14990,14990000,9,0.0000
0,14991,14991000,9,0.0000
0,14992,14992000,9,0.0000
0,14993,14993000,10,0.0049
0,14994,14994000,10,0.0049
0,14995,14995000,9,0.0000
0,14996,14996000,9,0.0000
0,14997,14997000,10,0.0049
0,14998,14998000,10,0.0049
0,14999,14999000,10,0.0049
0,15000,15000000,10,0.0049
0,15001,15001000,10,0.0049
0,15002,15002000,10,0.0049
0,15003,15003000,11,0.0098
0,15004,15004000,10,0.0049
0,15005,15005000,10,0.0049
0,15006,15006000,10,0.0049
0,15007,15007000,10,0.0049
0,15008,15008000,10,0.0049
0,15009,15009000,10,0.0049
0,15010,15010000,10,0.0049
0,15011,15011000,10,0.0049
0,15012,15012000,7,-0.0098
0,15013,15013000,6,-0.0147
0,15014,15014000,7,-0.0098
0,15015,15015000,9,0.0000
0,15016,15016000,14,0.0244
0,15017,15017000,18,0.0440
0,15018,15018000,23,0.0684
0,15019,15019000,28,0.0929
0,15020,15020000,30,0.1026
0,15021,15021000,28,0.0929
0,15022,15022000,27,0.0880
0,15023,15023000,27,0.0880
0,15024,15024000,29,0.0978
0,15025,15025000,31,0.1075
0,15026,15026000,35,0.1271
0,15027,15027000,39,0.1466
0,15028,15028000,39,0.1466
0,15029,15029000,43,0.1662
0,15030,15030000,41,0.1564
0,15031,15031000,43,0.1662
0,15032,15032000,45,0.1760
0,15033,15033000,51,0.2053
0,15034,15034000,44,0.1711
0,15035,15035000,26,0.0831
0,15036,15036000,21,0.0587
0,15037,15037000,17,0.0391
0,15038,15038000,11,0.0098
0,15039,15039000,3,-0.0293
0,15040,15040000,0,-0.0440
0,15041,15041000,0,-0.0440
0,15042,15042000,0,-0.0440
0,15043,15043000,0,-0.0440
0,15044,15044000,0,-0.0440
0,15045,15045000,0,-0.0440
0,15046,15046000,0,-0.0440
0,15047,15047000,0,-0.0440
0,15048,15048000,2,-0.0342
0,15049,15049000,4,-0.0244
0,15050,15050000,6,-0.0147
0,15051,15051000,6,-0.0147
0,15052,15052000,7,-0.0098
0,15053,15053000,8,-0.0049
0,15054,15054000,9,0.0000
0,15055,15055000,10,0.0049
0,15056,15056000,11,0.0098
0,15057,15057000,11,0.0098
0,15058,15058000,11,0.0098
0,15059,15059000,11,0.0098
0,15060,15060000,10,0.0049
0,15061,15061000,10,0.0049
0,15062,15062000,10,0.0049
0,15063,15063000,9,0.0000
0,15064,15064000,7,-0.0098
0,15065,15065000,3,-0.0293
0,15066,15066000,0,-0.0440
0,15067,15067000,0,-0.0440
0,15068,15068000,0,-0.0440
0,15069,15069000,0,-0.0440
0,15070,15070000,0,-0.0440
0,15071,15071000,0,-0.0440
0,15072,15072000,0,-0.0440
0,15073,15073000,0,-0.0440
0,15074,15074000,0,-0.0440
0,15075,15075000,0,-0.0440
0,15076,15076000,0,-0.0440
0,15077,15077000,0,-0.0440
0,15078,15078000,0,-0.0440
0,15079,15079000,0,-0.0440
0,15080,15080000,0,-0.0440
0,15081,15081000,0,-0.0440
0,15082,15082000,0,-0.0440
0,15083,15083000,0,-0.0440
0,15084,15084000,0,-0.0440
0,15085,15085000,0,-0.0440
0,15086,15086000,0,-0.0440
0,15087,15087000,0,-0.0440
0,15088,15088000,0,-0.0440
0,15089,15089000,0,-0.0440
0,15090,15090000,0,-0.0440
0,15091,15091000,0,-0.0440
0,15092,15092000,0,-0.0440
0,15093,15093000,0,-0.0440
0,15094,15094000,0,-0.0440
0,15095,15095000,0,-0.0440
0,15096,15096000,0,-0.0440
0,15097,15097000,0,-0.0440
0,15098,15098000,0,-0.0440
0,15099,15099000,0,-0.0440
0,15100,15100000,0,-0.0440
0,15101,15101000,0,-0.0440
0,15102,15102000,0,-0.0440
0,15103,15103000,0,-0.0440
0,15104,15104000,0,-0.0440
0,15105,15105000,0,-0.0440
0,15106,15106000,0,-0.0440
0,15107,15107000,0,-0.0440
0,15108,15108000,0,-0.0440
0,15109,15109000,0,-0.0440
0,15110,15110000,0,-0.0440
0,15111,15111000,0,-0.0440
0,15112,15112000,0,-0.0440
0,15113,15113000,0,-0.0440
0,15114,15114000,0,-0.0440
0,15115,15115000,0,-0.0440
0,15116,15116000,0,-0.0440
0,15117,15117000,0,-0.0440
0,15118,15118000,0,-0.0440
0,15119,15119000,0,-0.0440
0,15120,15120000,0,-0.0440
0,15121,15121000,0,-0.0440
0,15122,15122000,0,-0.0440
0,15123,15123000,0,-0.0440
0,15124,15124000,0,-0.0440
0,15125,15125000,0,-0.0440
0,15126,15126000,0,-0.0440
0,15127,15127000,0,-0.0440
0,15128,15128000,0,-0.0440
0,15129,15129000,0,-0.0440
0,15130,15130000,0,-0.0440
0,15131,15131000,0,-0.0440
0,15132,15132000,0,-0.0440
0,15133,15133000,0,-0.0440
0,15134,15134000,0,-0.0440
0,15135,15135000,0,-0.0440
0,15136,15136000,0,-0.0440
0,15137,15137000,0,-0.0440
0,15138,15138000,0,-0.0440
0,15139,15139000,0,-0.0440
0,15140,15140000,0,-0.0440
0,15141,15141000,0,-0.0440
0,15142,15142000,0,-0.0440
0,15143,15143000,0,-0.0440
0,15144,15144000,0,-0.0440
0,15145,15145000,0,-0.0440
0,15146,15146000,0,-0.0440
0,15147,15147000,0,-0.0440
0,15148,15148000,0,-0.0440
0,15149,15149000,0,-0.0440
0,15150,15150000,0,-0.0440
0,15151,15151000,0,-0.0440
0,15152,15152000,0,-0.0440
0,15153,15153000,0,-0.0440
0,15154,15154000,0,-0.0440
0,15155,15155000,0,-0.0440
0,15156,15156000,0,-0.0440
0,15157,15157000,0,-0.0440
0,15158,15158000,0,-0.0440
0,15159,15159000,0,-0.0440
0,15160,15160000,0,-0.0440
0,15161,15161000,0,-0.0440
0,15162,15162000,0,-0.0440
0,15163,15163000,0,-0.0440
0,15164,15164000,0,-0.0440
0,15165,15165000,0,-0.0440
0,15166,15166000,0,-0.0440
0,15167,15167000,0,-0.0440
0,15168,15168000,0,-0.0440
0,15169,15169000,4,-0.0244
0,15170,15170000,8,-0.0049
0,15171,15171000,12,0.0147
0,15172,15172000,15,0.0293
0,15173,15173000,18,0.0440
0,15174,15174000,21,0.0587
0,15175,15175000,24,0.0733
0,15176,15176000,26,0.0831
0,15177,15177000,27,0.0880
0,15178,15178000,28,0.0929
0,15179,15179000,28,0.0929
0,15180,15180000,29,0.0978
0,15181,15181000,29,0.0978
0,15182,15182000,29,0.0978
0,15183,15183000,30,0.1026
0,15184,15184000,31,0.1075
0,15185,15185000,31,0.1075
0,15186,15186000,31,0.1075
0,15187,15187000,32,0.1124
0,15188,15188000,33,0.1173
0,15189,15189000,34,0.1222
0,15190,15190000,34,0.1222
0,15191,15191000,34,0.1222
0,15192,15192000,34,0.1222
0,15193,15193000,34,0.1222
0,15194,15194000,35,0.1271
0,15195,15195000,35,0.1271
0,15196,15196000,34,0.1222
0,15197,15197000,34,0.1222
0,15198,15198000,32,0.1124
0,15199,15199000,29,0.0978
0,15200,15200000,28,0.0929
0,15201,15201000,25,0.0782
0,15202,15202000,23,0.0684
0,15203,15203000,20,0.0538
0,15204,15204000,18,0.0440
0,15205,15205000,16,0.0342
0,15206,15206000,13,0.0196
0,15207,15207000,11,0.0098
0,15208,15208000,8,-0.0049
0,15209,15209000,7,-0.0098
0,15210,15210000,5,-0.0196
0,15211,15211000,3,-0.0293
0,15212,15212000,2,-0.0342
0,15213,15213000,0,-0.0440
0,15214,15214000,0,-0.0440
0,15215,15215000,0,-0.0440
0,15216,15216000,0,-0.0440
0,15217,15217000,0,-0.0440
0,15218,15218000,0,-0.0440
0,15219,15219000,0,-0.0440
0,15220,15220000,1,-0.0391
0,15221,15221000,2,-0.0342
0,15222,15222000,2,-0.0342
0,15223,15223000,3,-0.0293
0,15224,15224000,6,-0.0147
0,15225,15225000,7,-0.0098
0,15226,15226000,10,0.0049
0,15227,15227000,13,0.0196
0,15228,15228000,16,0.0342
0,15229,15229000,20,0.0538
0,15230,15230000,25,0.0782
0,15231,15231000,29,0.0978
0,15232,15232000,34,0.1222
0,15233,15233000,39,0.1466
0,15234,15234000,45,0.1760
0,15235,15235000,50,0.2004
0,15236,15236000,56,0.2297
0,15237,15237000,62,0.2590
0,15238,15238000,68,0.2884
0,15239,15239000,73,0.3128
0,15240,15240000,79,0.3421
0,15241,15241000,84,0.3666
0,15242,15242000,89,0.3910
0,15243,15243000,94,0.4154
0,15244,15244000,99,0.4399
0,15245,15245000,105,0.4692
0,15246,15246000,112,0.5034
0,15247,15247000,114,0.5132
0,15248,15248000,130,0.5914
0,15249,15249000,141,0.6452
0,15250,15250000,148,0.6794
0,15251,15251000,158,0.7283
0,15252,15252000,167,0.7722
0,15253,15253000,177,0.8211
0,15254,15254000,187,0.8700
0,15255,15255000,188,0.8749
0,15256,15256000,192,0.8944
0,15257,15257000,193,0.8993
0,15258,15258000,195,0.9091
0,15259,15259000,198,0.9238
0,15260,15260000,202,0.9433
0,15261,15261000,206,0.9629
0,15262,15262000,209,0.9775
0,15263,15263000,213,0.9971
0,15264,15264000,216,1.0117
0,15265,15265000,221,1.0362
0,15266,15266000,226,1.0606
0,15267,15267000,231,1.0850
0,15268,15268000,237,1.1144
0,15269,15269000,243,1.1437
0,15270,15270000,248,1.1681
0,15271,15271000,255,1.2023
0,15272,15272000,260,1.2268
0,15273,15273000,263,1.2414
0,15274,15274000,268,1.2659
0,15275,15275000,271,1.2805
0,15276,15276000,273,1.2903
0,15277,15277000,274,1.2952
0,15278,15278000,275,1.3001
0,15279,15279000,275,1.3001
0,15280,15280000,274,1.2952
0,15281,15281000,270,1.2757
0,15282,15282000,267,1.2610
0,15283,15283000,261,1.2317
0,15284,15284000,255,1.2023
0,15285,15285000,246,1.1584
0,15286,15286000,239,1.1241
0,15287,15287000,230,1.0802
0,15288,15288000,222,1.0411
0,15289,15289000,216,1.0117
0,15290,15290000,206,0.9629
0,15291,15291000,194,0.9042
0,15292,15292000,185,0.8602
0,15293,15293000,176,0.8162
0,15294,15294000,169,0.7820
0,15295,15295000,159,0.7331
0,15296,15296000,147,0.6745
0,15297,15297000,135,0.6158
0,15298,15298000,125,0.5670
0,15299,15299000,116,0.5230
0,15300,15300000,107,0.4790
0,15301,15301000,95,0.4203
0,15302,15302000,89,0.3910
0,15303,15303000,90,0.3959
0,15304,15304000,78,0.3372
0,15305,15305000,76,0.3275
0,15306,15306000,76,0.3275
0,15307,15307000,83,0.3617
0,15308,15308000,96,0.4252
0,15309,15309000,41,0.1564
0,15310,15310000,7,-0.0098
0,15311,15311000,0,-0.0440
0,15312,15312000,0,-0.0440
0,15313,15313000,0,-0.0440
0,15314,15314000,0,-0.0440
0,15315,15315000,0,-0.0440
0,15316,15316000,4,-0.0244
0,15317,15317000,22,0.0635
0,15318,15318000,42,0.1613
0,15319,15319000,36,0.1320
0,15320,15320000,38,0.1417
0,15321,15321000,37,0.1369
0,15322,15322000,29,0.0978
0,15323,15323000,27,0.0880
0,15324,15324000,17,0.0391
0,15325,15325000,15,0.0293
0,15326,15326000,2,-0.0342
0,15327,15327000,6,-0.0147
0,15328,15328000,6,-0.0147
0,15329,15329000,2,-0.0342
0,15330,15330000,7,-0.0098
0,15331,15331000,12,0.0147
0,15332,15332000,18,0.0440
0,15333,15333000,19,0.0489
0,15334,15334000,19,0.0489
0,15335,15335000,15,0.0293
0,15336,15336000,18,0.0440
0,15337,15337000,19,0.0489
0,15338,15338000,19,0.0489
0,15339,15339000,17,0.0391
0,15340,15340000,14,0.0244
0,15341,15341000,15,0.0293
0,15342,15342000,24,0.0733
0,15343,15343000,37,0.1369
0,15344,15344000,54,0.2199
0,15345,15345000,68,0.2884
0,15346,15346000,91,0.4008
0,15347,15347000,107,0.4790
0,15348,15348000,99,0.4399
0,15349,15349000,90,0.3959
0,15350,15350000,91,0.4008
0,15351,15351000,76,0.3275
0,15352,15352000,63,0.2639
0,15353,15353000,79,0.3421
0,15354,15354000,96,0.4252
0,15355,15355000,75,0.3226
0,15356,15356000,26,0.0831
0,15357,15357000,0,-0.0440
0,15358,15358000,0,-0.0440
0,15359,15359000,0,-0.0440
0,15360,15360000,0,-0.0440
0,15361,15361000,0,-0.0440
0,15362,15362000,0,-0.0440
0,15363,15363000,0,-0.0440
0,15364,15364000,0,-0.0440
0,15365,15365000,0,-0.0440
0,15366,15366000,0,-0.0440
0,15367,15367000,0,-0.0440
0,15368,15368000,0,-0.0440
0,15369,15369000,0,-0.0440
0,15370,15370000,0,-0.0440
0,15371,15371000,0,-0.0440
0,15372,15372000,0,-0.0440
0,15373,15373000,0,-0.0440
0,15374,15374000,0,-0.0440
0,15375,15375000,0,-0.0440
0,15376,15376000,0,-0.0440
0,15377,15377000,0,-0.0440
0,15378,15378000,0,-0.0440
0,15379,15379000,0,-0.0440
0,15380,15380000,0,-0.0440
0,15381,15381000,0,-0.0440
0,15382,15382000,0,-0.0440
0,15383,15383000,0,-0.0440
0,15384,15384000,0,-0.0440
0,15385,15385000,0,-0.0440
0,15386,15386000,0,-0.0440
0,15387,15387000,0,-0.0440
0,15388,15388000,0,-0.0440
0,15389,15389000,0,-0.0440
0,15390,15390000,0,-0.0440
0,15391,15391000,0,-0.0440
0,15392,15392000,0,-0.0440
0,15393,15393000,0,-0.0440
0,15394,15394000,0,-0.0440
0,15395,15395000,0,-0.0440
0,15396,15396000,0,-0.0440
0,15397,15397000,0,-0.0440
0,15398,15398000,0,-0.0440
0,15399,15399000,0,-0.0440
0,15400,15400000,0,-0.0440
0,15401,15401000,0,-0.0440
0,15402,15402000,0,-0.0440
0,15403,15403000,0,-0.0440
0,15404,15404000,0,-0.0440
0,15405,15405000,0,-0.0440
0,15406,15406000,0,-0.0440
0,15407,15407000,0,-0.0440
0,15408,15408000,0,-0.0440
0,15409,15409000,0,-0.0440
0,15410,15410000,0,-0.0440
0,15411,15411000,0,-0.0440
0,15412,15412000,0,-0.0440
0,15413,15413000,0,-0.0440
0,15414,15414000,0,-0.0440
0,15415,15415000,0,-0.0440
0,15416,15416000,0,-0.0440
0,15417,15417000,0,-0.0440
0,15418,15418000,0,-0.0440
0,15419,15419000,0,-0.0440
0,15420,15420000,0,-0.0440
0,15421,15421000,9,0.0000
0,15422,15422000,16,0.0342
0,15423,15423000,23,0.0684
0,15424,15424000,29,0.0978
0,15425,15425000,35,0.1271
0,15426,15426000,39,0.1466
0,15427,15427000,42,0.1613
0,15428,15428000,46,0.1808
0,15429,15429000,46,0.1808
0,15430,15430000,45,0.1760
0,15431,15431000,44,0.1711
0,15432,15432000,44,0.1711
0,15433,15433000,44,0.1711
0,15434,15434000,45,0.1760
0,15435,15435000,45,0.1760
0,15436,15436000,44,0.1711
0,15437,15437000,46,0.1808
0,15438,15438000,48,0.1906
0,15439,15439000,49,0.1955
0,15440,15440000,49,0.1955
0,15441,15441000,50,0.2004
0,15442,15442000,54,0.2199
0,15443,15443000,54,0.2199
0,15444,15444000,55,0.2248
0,15445,15445000,53,0.2151
0,15446,15446000,50,0.2004
0,15447,15447000,47,0.1857
0,15448,15448000,44,0.1711
0,15449,15449000,45,0.1760
0,15450,15450000,48,0.1906
0,15451,15451000,51,0.2053
0,15452,15452000,56,0.2297
0,15453,15453000,66,0.2786
0,15454,15454000,79,0.3421
0,15455,15455000,92,0.4057
0,15456,15456000,103,0.4594
0,15457,15457000,114,0.5132
0,15458,15458000,124,0.5621
0,15459,15459000,135,0.6158
0,15460,15460000,145,0.6647
0,15461,15461000,155,0.7136
0,15462,15462000,166,0.7674
0,15463,15463000,177,0.8211
0,15464,15464000,192,0.8944
0,15465,15465000,204,0.9531
0,15466,15466000,212,0.9922
0,15467,15467000,220,1.0313
0,15468,15468000,227,1.0655
0,15469,15469000,232,1.0899
0,15470,15470000,238,1.1193
0,15471,15471000,242,1.1388
0,15472,15472000,246,1.1584
0,15473,15473000,249,1.1730
0,15474,15474000,252,1.1877
0,15475,15475000,253,1.1926
0,15476,15476000,254,1.1975
0,15477,15477000,253,1.1926
0,15478,15478000,252,1.1877
0,15479,15479000,251,1.1828
0,15480,15480000,250,1.1779
0,15481,15481000,248,1.1681
0,15482,15482000,246,1.1584
0,15483,15483000,244,1.1486
0,15484,15484000,241,1.1339
0,15485,15485000,235,1.1046
0,15486,15486000,227,1.0655
0,15487,15487000,221,1.0362
0,15488,15488000,213,0.9971
0,15489,15489000,207,0.9677
0,15490,15490000,202,0.9433
0,15491,15491000,197,0.9189
0,15492,15492000,192,0.8944
0,15493,15493000,188,0.8749
0,15494,15494000,183,0.8504
0,15495,15495000,177,0.8211
0,15496,15496000,172,0.7967
0,15497,15497000,166,0.7674
0,15498,15498000,160,0.7380
0,15499,15499000,156,0.7185
0,15500,15500000,152,0.6989
0,15501,15501000,149,0.6843
0,15502,15502000,145,0.6647
0,15503,15503000,143,0.6549
0,15504,15504000,140,0.6403
0,15505,15505000,135,0.6158
0,15506,15506000,131,0.5963
0,15507,15507000,126,0.5718
0,15508,15508000,124,0.5621
0,15509,15509000,119,0.5376
0,15510,15510000,114,0.5132
0,15511,15511000,111,0.4985
0,15512,15512000,104,0.4643
0,15513,15513000,99,0.4399
0,15514,15514000,95,0.4203
0,15515,15515000,88,0.3861
0,15516,15516000,79,0.3421
0,15517,15517000,71,0.3030
0,15518,15518000,68,0.2884
0,15519,15519000,66,0.2786
0,15520,15520000,59,0.2444
0,15521,15521000,50,0.2004
0,15522,15522000,48,0.1906
0,15523,15523000,38,0.1417
0,15524,15524000,22,0.0635
0,15525,15525000,8,-0.0049
0,15526,15526000,19,0.0489
0,15527,15527000,43,0.1662
0,15528,15528000,18,0.0440
0,15529,15529000,33,0.1173
0,15530,15530000,0,-0.0440
0,15531,15531000,0,-0.0440
0,15532,15532000,0,-0.0440
0,15533,15533000,0,-0.0440
0,15534,15534000,14,0.0244
0,15535,15535000,25,0.0782
0,15536,15536000,31,0.1075
0,15537,15537000,41,0.1564
0,15538,15538000,47,0.1857
0,15539,15539000,51,0.2053
0,15540,15540000,56,0.2297
0,15541,15541000,56,0.2297
0,15542,15542000,55,0.2248
0,15543,15543000,49,0.1955
0,15544,15544000,45,0.1760
0,15545,15545000,39,0.1466
0,15546,15546000,38,0.1417
0,15547,15547000,36,0.1320
0,15548,15548000,39,0.1466
0,15549,15549000,39,0.1466
0,15550,15550000,37,0.1369
0,15551,15551000,36,0.1320
0,15552,15552000,32,0.1124
0,15553,15553000,37,0.1369
0,15554,15554000,46,0.1808
0,15555,15555000,39,0.1466
0,15556,15556000,31,0.1075
0,15557,15557000,24,0.0733
0,15558,15558000,19,0.0489
0,15559,15559000,23,0.0684
0,15560,15560000,29,0.0978
0,15561,15561000,31,0.1075
0,15562,15562000,35,0.1271
0,15563,15563000,30,0.1026
0,15564,15564000,28,0.0929
0,15565,15565000,23,0.0684
0,15566,15566000,21,0.0587
0,15567,15567000,43,0.1662
0,15568,15568000,34,0.1222
0,15569,15569000,28,0.0929
0,15570,15570000,24,0.0733
0,15571,15571000,19,0.0489
0,15572,15572000,14,0.0244
0,15573,15573000,10,0.0049
0,15574,15574000,9,0.0000
0,15575,15575000,6,-0.0147
0,15576,15576000,0,-0.0440
0,15577,15577000,0,-0.0440
0,15578,15578000,0,-0.0440
0,15579,15579000,0,-0.0440
0,15580,15580000,0,-0.0440
0,15581,15581000,0,-0.0440
0,15582,15582000,0,-0.0440
0,15583,15583000,0,-0.0440
0,15584,15584000,0,-0.0440
0,15585,15585000,0,-0.0440
0,15586,15586000,0,-0.0440
0,15587,15587000,0,-0.0440
0,15588,15588000,0,-0.0440
0,15589,15589000,0,-0.0440
0,15590,15590000,0,-0.0440
0,15591,15591000,0,-0.0440
0,15592,15592000,0,-0.0440
0,15593,15593000,0,-0.0440
0,15594,15594000,0,-0.0440
0,15595,15595000,0,-0.0440
0,15596,15596000,0,-0.0440
0,15597,15597000,0,-0.0440
0,15598,15598000,0,-0.0440
0,15599,15599000,0,-0.0440
0,15600,15600000,0,-0.0440
0,15601,15601000,0,-0.0440
0,15602,15602000,0,-0.0440
0,15603,15603000,0,-0.0440
0,15604,15604000,0,-0.0440
0,15605,15605000,0,-0.0440
0,15606,15606000,0,-0.0440
0,15607,15607000,0,-0.0440
0,15608,15608000,0,-0.0440
0,15609,15609000,0,-0.0440
0,15610,15610000,0,-0.0440
0,15611,15611000,0,-0.0440
0,15612,15612000,0,-0.0440
0,15613,15613000,0,-0.0440
0,15614,15614000,0,-0.0440
0,15615,15615000,0,-0.0440
0,15616,15616000,0,-0.0440
0,15617,15617000,0,-0.0440
0,15618,15618000,0,-0.0440
0,15619,15619000,0,-0.0440
0,15620,15620000,0,-0.0440
0,15621,15621000,0,-0.0440
0,15622,15622000,0,-0.0440
0,15623,15623000,0,-0.0440
0,15624,15624000,0,-0.0440
0,15625,15625000,0,-0.0440
0,15626,15626000,0,-0.0440
0,15627,15627000,0,-0.0440
0,15628,15628000,0,-0.0440
0,15629,15629000,0,-0.0440
0,15630,15630000,0,-0.0440
0,15631,15631000,0,-0.0440
0,15632,15632000,0,-0.0440
0,15633,15633000,0,-0.0440
0,15634,15634000,0,-0.0440
0,15635,15635000,0,-0.0440
0,15636,15636000,0,-0.0440
0,15637,15637000,0,-0.0440
0,15638,15638000,0,-0.0440
0,15639,15639000,0,-0.0440
0,15640,15640000,0,-0.0440
0,15641,15641000,0,-0.0440
0,15642,15642000,0,-0.0440
0,15643,15643000,0,-0.0440
0,15644,15644000,0,-0.0440
0,15645,15645000,0,-0.0440
0,15646,15646000,0,-0.0440
0,15647,15647000,0,-0.0440
0,15648,15648000,0,-0.0440
0,15649,15649000,0,-0.0440
0,15650,15650000,0,-0.0440
0,15651,15651000,0,-0.0440
0,15652,15652000,0,-0.0440
0,15653,15653000,0,-0.0440
0,15654,15654000,0,-0.0440
0,15655,15655000,0,-0.0440
0,15656,15656000,0,-0.0440
0,15657,15657000,0,-0.0440
0,15658,15658000,0,-0.0440
0,15659,15659000,0,-0.0440
0,15660,15660000,0,-0.0440
0,15661,15661000,0,-0.0440
0,15662,15662000,0,-0.0440
0,15663,15663000,0,-0.0440
0,15664,15664000,0,-0.0440
0,15665,15665000,0,-0.0440
0,15666,15666000,0,-0.0440
0,15667,15667000,0,-0.0440
0,15668,15668000,0,-0.0440
0,15669,15669000,0,-0.0440
0,15670,15670000,0,-0.0440
0,15671,15671000,0,-0.0440
0,15672,15672000,0,-0.0440
0,15673,15673000,0,-0.0440
0,15674,15674000,0,-0.0440
0,15675,15675000,0,-0.0440
0,15676,15676000,0,-0.0440
0,15677,15677000,0,-0.0440
0,15678,15678000,0,-0.0440
0,15679,15679000,0,-0.0440
0,15680,15680000,0,-0.0440
0,15681,15681000,0,-0.0440
0,15682,15682000,0,-0.0440
0,15683,15683000,0,-0.0440
0,15684,15684000,0,-0.0440
0,15685,15685000,0,-0.0440
0,15686,15686000,0,-0.0440
0,15687,15687000,0,-0.0440
0,15688,15688000,0,-0.0440
0,15689,15689000,0,-0.0440
0,15690,15690000,0,-0.0440
0,15691,15691000,0,-0.0440
0,15692,15692000,0,-0.0440
0,15693,15693000,0,-0.0440
0,15694,15694000,0,-0.0440
0,15695,15695000,0,-0.0440
0,15696,15696000,0,-0.0440
0,15697,15697000,0,-0.0440
0,15698,15698000,0,-0.0440
0,15699,15699000,0,-0.0440
0,15700,15700000,0,-0.0440
0,15701,15701000,0,-0.0440
0,15702,15702000,0,-0.0440
0,15703,15703000,0,-0.0440
0,15704,15704000,0,-0.0440
0,15705,15705000,0,-0.0440
0,15706,15706000,0,-0.0440
0,15707,15707000,0,-0.0440
0,15708,15708000,0,-0.0440
0,15709,15709000,0,-0.0440
0,15710,15710000,0,-0.0440
0,15711,15711000,0,-0.0440
0,15712,15712000,0,-0.0440
0,15713,15713000,0,-0.0440
0,15714,15714000,0,-0.0440
0,15715,15715000,0,-0.0440
0,15716,15716000,0,-0.0440
0,15717,15717000,0,-0.0440
0,15718,15718000,0,-0.0440
0,15719,15719000,0,-0.0440
0,15720,15720000,0,-0.0440
0,15721,15721000,0,-0.0440
0,15722,15722000,0,-0.0440
0,15723,15723000,0,-0.0440
0,15724,15724000,0,-0.0440
0,15725,15725000,0,-0.0440
0,15726,15726000,1,-0.0391
0,15727,15727000,2,-0.0342
0,15728,15728000,3,-0.0293
0,15729,15729000,3,-0.0293
0,15730,15730000,3,-0.0293
0,15731,15731000,4,-0.0244
0,15732,15732000,4,-0.0244
0,15733,15733000,4,-0.0244
0,15734,15734000,4,-0.0244
0,15735,15735000,4,-0.0244
0,15736,15736000,4,-0.0244
0,15737,15737000,4,-0.0244
0,15738,15738000,3,-0.0293
0,15739,15739000,3,-0.0293
0,15740,15740000,3,-0.0293
0,15741,15741000,3,-0.0293
0,15742,15742000,3,-0.0293
0,15743,15743000,3,-0.0293
0,15744,15744000,3,-0.0293
0,15745,15745000,4,-0.0244
0,15746,15746000,4,-0.0244
0,15747,15747000,4,-0.0244
0,15748,15748000,5,-0.0196
0,15749,15749000,7,-0.0098
0,15750,15750000,7,-0.0098
0,15751,15751000,7,-0.0098
0,15752,15752000,8,-0.0049
0,15753,15753000,10,0.0049
0,15754,15754000,11,0.0098
0,15755,15755000,12,0.0147
0,15756,15756000,12,0.0147
0,15757,15757000,12,0.0147
0,15758,15758000,14,0.0244
0,15759,15759000,13,0.0196
0,15760,15760000,12,0.0147
0,15761,15761000,11,0.0098
0,15762,15762000,9,0.0000
0,15763,15763000,7,-0.0098
0,15764,15764000,5,-0.0196
0,15765,15765000,2,-0.0342
0,15766,15766000,0,-0.0440
0,15767,15767000,0,-0.0440
0,15768,15768000,0,-0.0440
0,15769,15769000,0,-0.0440
0,15770,15770000,0,-0.0440
0,15771,15771000,0,-0.0440
0,15772,15772000,0,-0.0440
0,15773,15773000,0,-0.0440
0,15774,15774000,12,0.0147
0,15775,15775000,34,0.1222
0,15776,15776000,55,0.2248
0,15777,15777000,76,0.3275
0,15778,15778000,94,0.4154
0,15779,15779000,114,0.5132
0,15780,15780000,133,0.6061
0,15781,15781000,152,0.6989
0,15782,15782000,170,0.7869
0,15783,15783000,188,0.8749
0,15784,15784000,205,0.9580
0,15785,15785000,220,1.0313
0,15786,15786000,236,1.1095
0,15787,15787000,251,1.1828
0,15788,15788000,264,1.2463
0,15789,15789000,273,1.2903
0,15790,15790000,275,1.3001
0,15791,15791000,279,1.3196
0,15792,15792000,279,1.3196
0,15793,15793000,278,1.3148
0,15794,15794000,276,1.3050
0,15795,15795000,272,1.2854
0,15796,15796000,267,1.2610
0,15797,15797000,259,1.2219
0,15798,15798000,253,1.1926
0,15799,15799000,245,1.1535
0,15800,15800000,238,1.1193
0,15801,15801000,230,1.0802
0,15802,15802000,224,1.0508
0,15803,15803000,217,1.0166
0,15804,15804000,211,0.9873
0,15805,15805000,204,0.9531
0,15806,15806000,199,0.9286
0,15807,15807000,195,0.9091
0,15808,15808000,191,0.8895
0,15809,15809000,188,0.8749
0,15810,15810000,185,0.8602
0,15811,15811000,184,0.8553
0,15812,15812000,183,0.8504
0,15813,15813000,183,0.8504
0,15814,15814000,183,0.8504
0,15815,15815000,183,0.8504
0,15816,15816000,183,0.8504
0,15817,15817000,182,0.8456
0,15818,15818000,182,0.8456
0,15819,15819000,182,0.8456
0,15820,15820000,181,0.8407
0,15821,15821000,180,0.8358
0,15822,15822000,179,0.8309
0,15823,15823000,179,0.8309
0,15824,15824000,178,0.8260
0,15825,15825000,175,0.8113
0,15826,15826000,174,0.8065
0,15827,15827000,171,0.7918
0,15828,15828000,168,0.7771
0,15829,15829000,166,0.7674
0,15830,15830000,164,0.7576
0,15831,15831000,162,0.7478
0,15832,15832000,159,0.7331
0,15833,15833000,158,0.7283
0,15834,15834000,156,0.7185
0,15835,15835000,153,0.7038
0,15836,15836000,151,0.6940
0,15837,15837000,148,0.6794
0,15838,15838000,145,0.6647
0,15839,15839000,142,0.6500
0,15840,15840000,140,0.6403
0,15841,15841000,139,0.6354
0,15842,15842000,136,0.6207
0,15843,15843000,134,0.6109
0,15844,15844000,131,0.5963
0,15845,15845000,129,0.5865
0,15846,15846000,127,0.5767
0,15847,15847000,125,0.5670
0,15848,15848000,122,0.5523
0,15849,15849000,120,0.5425
0,15850,15850000,117,0.5279
0,15851,15851000,114,0.5132
0,15852,15852000,112,0.5034
0,15853,15853000,109,0.4888
0,15854,15854000,107,0.4790
0,15855,15855000,104,0.4643
0,15856,15856000,102,0.4545
0,15857,15857000,100,0.4448
0,15858,15858000,97,0.4301
0,15859,15859000,95,0.4203
0,15860,15860000,93,0.4106
0,15861,15861000,91,0.4008
0,15862,15862000,88,0.3861
0,15863,15863000,86,0.3763
0,15864,15864000,83,0.3617
0,15865,15865000,81,0.3519
0,15866,15866000,79,0.3421
0,15867,15867000,76,0.3275
0,15868,15868000,75,0.3226
0,15869,15869000,73,0.3128
0,15870,15870000,73,0.3128
0,15871,15871000,76,0.3275
0,15872,15872000,73,0.3128
0,15873,15873000,73,0.3128
0,15874,15874000,71,0.3030
0,15875,15875000,68,0.2884
0,15876,15876000,67,0.2835
0,15877,15877000,65,0.2737
0,15878,15878000,63,0.2639
0,15879,15879000,61,0.2542
0,15880,15880000,59,0.2444
0,15881,15881000,57,0.2346
0,15882,15882000,55,0.2248
0,15883,15883000,51,0.2053
0,15884,15884000,49,0.1955
0,15885,15885000,46,0.1808
0,15886,15886000,43,0.1662
0,15887,15887000,40,0.1515
0,15888,15888000,37,0.1369
0,15889,15889000,34,0.1222
0,15890,15890000,31,0.1075
0,15891,15891000,29,0.0978
0,15892,15892000,28,0.0929
0,15893,15893000,27,0.0880
0,15894,15894000,27,0.0880
0,15895,15895000,27,0.0880
0,15896,15896000,27,0.0880
0,15897,15897000,27,0.0880
0,15898,15898000,27,0.0880
0,15899,15899000,26,0.0831
0,15900,15900000,26,0.0831
0,15901,15901000,26,0.0831
0,15902,15902000,26,0.0831
0,15903,15903000,25,0.0782
0,15904,15904000,24,0.0733
0,15905,15905000,23,0.0684
0,15906,15906000,22,0.0635
0,15907,15907000,19,0.0489
0,15908,15908000,19,0.0489
0,15909,15909000,18,0.0440
0,15910,15910000,16,0.0342
0,15911,15911000,15,0.0293
0,15912,15912000,14,0.0244
0,15913,15913000,13,0.0196
0,15914,15914000,11,0.0098
0,15915,15915000,9,0.0000
0,15916,15916000,7,-0.0098
0,15917,15917000,5,-0.0196
0,15918,15918000,3,-0.0293
0,15919,15919000,2,-0.0342
0,15920,15920000,1,-0.0391
0,15921,15921000,0,-0.0440
0,15922,15922000,2,-0.0342
0,15923,15923000,0,-0.0440
0,15924,15924000,0,-0.0440
0,15925,15925000,0,-0.0440
0,15926,15926000,0,-0.0440
0,15927,15927000,0,-0.0440
0,15928,15928000,0,-0.0440
0,15929,15929000,0,-0.0440
0,15930,15930000,0,-0.0440
0,15931,15931000,1,-0.0391
0,15932,15932000,12,0.0147
0,15933,15933000,21,0.0587
0,15934,15934000,22,0.0635
0,15935,15935000,29,0.0978
0,15936,15936000,31,0.1075
0,15937,15937000,28,0.0929
0,15938,15938000,24,0.0733
0,15939,15939000,24,0.0733
0,15940,15940000,23,0.0684
0,15941,15941000,22,0.0635
0,15942,15942000,20,0.0538
0,15943,15943000,20,0.0538
0,15944,15944000,19,0.0489
0,15945,15945000,19,0.0489
0,15946,15946000,18,0.0440
0,15947,15947000,17,0.0391
0,15948,15948000,17,0.0391
0,15949,15949000,17,0.0391
0,15950,15950000,17,0.0391
0,15951,15951000,17,0.0391
0,15952,15952000,17,0.0391
0,15953,15953000,16,0.0342
0,15954,15954000,16,0.0342
0,15955,15955000,15,0.0293
0,15956,15956000,15,0.0293
0,15957,15957000,15,0.0293
0,15958,15958000,17,0.0391
0,15959,15959000,18,0.0440
0,15960,15960000,18,0.0440
0,15961,15961000,17,0.0391
0,15962,15962000,17,0.0391
0,15963,15963000,17,0.0391
0,15964,15964000,17,0.0391
0,15965,15965000,16,0.0342
0,15966,15966000,15,0.0293
0,15967,15967000,15,0.0293
0,15968,15968000,15,0.0293
0,15969,15969000,15,0.0293
0,15970,15970000,15,0.0293
0,15971,15971000,15,0.0293
0,15972,15972000,14,0.0244
0,15973,15973000,14,0.0244
0,15974,15974000,13,0.0196
0,15975,15975000,13,0.0196
0,15976,15976000,13,0.0196
0,15977,15977000,12,0.0147
0,15978,15978000,12,0.0147
0,15979,15979000,12,0.0147
0,15980,15980000,11,0.0098
0,15981,15981000,11,0.0098
0,15982,15982000,10,0.0049
0,15983,15983000,9,0.0000
0,15984,15984000,9,0.0000
0,15985,15985000,9,0.0000
0,15986,15986000,7,-0.0098
0,15987,15987000,7,-0.0098
0,15988,15988000,7,-0.0098
0,15989,15989000,7,-0.0098
0,15990,15990000,6,-0.0147
0,15991,15991000,6,-0.0147
0,15992,15992000,6,-0.0147
0,15993,15993000,4,-0.0244
0,15994,15994000,3,-0.0293
0,15995,15995000,3,-0.0293
0,15996,15996000,3,-0.0293
0,15997,15997000,1,-0.0391
0,15998,15998000,0,-0.0440
0,15999,15999000,0,-0.0440
0,16000,16000000,0,-0.0440
0,16001,16001000,0,-0.0440
0,16002,16002000,0,-0.0440
0,16003,16003000,0,-0.0440
0,16004,16004000,0,-0.0440
0,16005,16005000,0,-0.0440
0,16006,16006000,0,-0.0440
0,16007,16007000,0,-0.0440
0,16008,16008000,0,-0.0440
0,16009,16009000,0,-0.0440
0,16010,16010000,0,-0.0440
0,16011,16011000,0,-0.0440
0,16012,16012000,0,-0.0440
0,16013,16013000,1,-0.0391
0,16014,16014000,10,0.0049
0,16015,16015000,15,0.0293
0,16016,16016000,20,0.0538
0,16017,16017000,23,0.0684
0,16018,16018000,26,0.0831
0,16019,16019000,30,0.1026
0,16020,16020000,31,0.1075
0,16021,16021000,34,0.1222
0,16022,16022000,35,0.1271
0,16023,16023000,36,0.1320
0,16024,16024000,36,0.1320
0,16025,16025000,35,0.1271
0,16026,16026000,35,0.1271
0,16027,16027000,38,0.1417
0,16028,16028000,33,0.1173
0,16029,16029000,29,0.0978
0,16030,16030000,31,0.1075
0,16031,16031000,28,0.0929
0,16032,16032000,25,0.0782
0,16033,16033000,23,0.0684
0,16034,16034000,22,0.0635
0,16035,16035000,19,0.0489
0,16036,16036000,18,0.0440
0,16037,16037000,19,0.0489
0,16038,16038000,19,0.0489
0,16039,16039000,17,0.0391
0,16040,16040000,13,0.0196
0,16041,16041000,7,-0.0098
0,16042,16042000,2,-0.0342
0,16043,16043000,0,-0.0440
0,16044,16044000,0,-0.0440
0,16045,16045000,0,-0.0440
0,16046,16046000,0,-0.0440
0,16047,16047000,0,-0.0440
0,16048,16048000,0,-0.0440
0,16049,16049000,0,-0.0440
0,16050,16050000,0,-0.0440
0,16051,16051000,0,-0.0440
0,16052,16052000,0,-0.0440
0,16053,16053000,0,-0.0440
0,16054,16054000,0,-0.0440
0,16055,16055000,0,-0.0440
0,16056,16056000,0,-0.0440
0,16057,16057000,0,-0.0440
0,16058,16058000,0,-0.0440
0,16059,16059000,0,-0.0440
0,16060,16060000,0,-0.0440
0,16061,16061000,0,-0.0440
0,16062,16062000,0,-0.0440
0,16063,16063000,0,-0.0440
0,16064,16064000,0,-0.0440
0,16065,16065000,0,-0.0440
0,16066,16066000,0,-0.0440
0,16067,16067000,0,-0.0440
0,16068,16068000,0,-0.0440
0,16069,16069000,0,-0.0440
0,16070,16070000,0,-0.0440
0,16071,16071000,0,-0.0440
0,16072,16072000,0,-0.0440
0,16073,16073000,0,-0.0440
0,16074,16074000,0,-0.0440
0,16075,16075000,0,-0.0440
0,16076,16076000,0,-0.0440
0,16077,16077000,0,-0.0440
0,16078,16078000,0,-0.0440
0,16079,16079000,0,-0.0440
0,16080,16080000,0,-0.0440
0,16081,16081000,0,-0.0440
0,16082,16082000,0,-0.0440
0,16083,16083000,0,-0.0440
0,16084,16084000,0,-0.0440
0,16085,16085000,0,-0.0440
0,16086,16086000,0,-0.0440
0,16087,16087000,0,-0.0440
0,16088,16088000,0,-0.0440
0,16089,16089000,0,-0.0440
0,16090,16090000,0,-0.0440
0,16091,16091000,0,-0.0440
0,16092,16092000,0,-0.0440
0,16093,16093000,0,-0.0440
0,16094,16094000,0,-0.0440
0,16095,16095000,0,-0.0440
0,16096,16096000,0,-0.0440
0,16097,16097000,0,-0.0440
0,16098,16098000,0,-0.0440
0,16099,16099000,0,-0.0440
0,16100,16100000,0,-0.0440
0,16101,16101000,0,-0.0440
0,16102,16102000,0,-0.0440
0,16103,16103000,0,-0.0440
0,16104,16104000,0,-0.0440
0,16105,16105000,0,-0.0440
0,16106,16106000,0,-0.0440
0,16107,16107000,0,-0.0440
0,16108,16108000,0,-0.0440
0,16109,16109000,0,-0.0440
0,16110,16110000,0,-0.0440
0,16111,16111000,0,-0.0440
0,16112,16112000,0,-0.0440
0,16113,16113000,0,-0.0440
0,16114,16114000,0,-0.0440
0,16115,16115000,0,-0.0440
0,16116,16116000,0,-0.0440
0,16117,16117000,0,-0.0440
0,16118,16118000,0,-0.0440
0,16119,16119000,0,-0.0440
0,16120,16120000,0,-0.0440
0,16121,16121000,0,-0.0440
0,16122,16122000,0,-0.0440
0,16123,16123000,0,-0.0440
0,16124,16124000,0,-0.0440
0,16125,16125000,0,-0.0440
0,16126,16126000,0,-0.0440
0,16127,16127000,0,-0.0440
0,16128,16128000,0,-0.0440
0,16129,16129000,0,-0.0440
0,16130,16130000,0,-0.0440
0,16131,16131000,0,-0.0440
0,16132,16132000,0,-0.0440
0,16133,16133000,0,-0.0440
0,16134,16134000,0,-0.0440
0,16135,16135000,0,-0.0440
0,16136,16136000,0,-0.0440
0,16137,16137000,0,-0.0440
0,16138,16138000,2,-0.0342
0,16139,16139000,4,-0.0244
0,16140,16140000,6,-0.0147
0,16141,16141000,7,-0.0098
0,16142,16142000,9,0.0000
0,16143,16143000,11,0.0098
0,16144,16144000,12,0.0147
0,16145,16145000,13,0.0196
0,16146,16146000,15,0.0293
0,16147,16147000,15,0.0293
0,16148,16148000,15,0.0293
0,16149,16149000,15,0.0293
0,16150,16150000,16,0.0342
0,16151,16151000,17,0.0391
0,16152,16152000,19,0.0489
0,16153,16153000,22,0.0635
0,16154,16154000,25,0.0782
0,16155,16155000,33,0.1173
0,16156,16156000,44,0.1711
0,16157,16157000,56,0.2297
0,16158,16158000,67,0.2835
0,16159,16159000,81,0.3519
0,16160,16160000,94,0.4154
0,16161,16161000,105,0.4692
0,16162,16162000,118,0.5327
0,16163,16163000,129,0.5865
0,16164,16164000,139,0.6354
0,16165,16165000,150,0.6891
0,16166,16166000,158,0.7283
0,16167,16167000,167,0.7722
0,16168,16168000,176,0.8162
0,16169,16169000,183,0.8504
0,16170,16170000,190,0.8847
0,16171,16171000,198,0.9238
0,16172,16172000,204,0.9531
0,16173,16173000,210,0.9824
0,16174,16174000,216,1.0117
0,16175,16175000,221,1.0362
0,16176,16176000,225,1.0557
0,16177,16177000,229,1.0753
0,16178,16178000,231,1.0850
0,16179,16179000,233,1.0948
0,16180,16180000,235,1.1046
0,16181,16181000,236,1.1095
0,16182,16182000,236,1.1095
0,16183,16183000,235,1.1046
0,16184,16184000,233,1.0948
0,16185,16185000,232,1.0899
0,16186,16186000,231,1.0850
0,16187,16187000,230,1.0802
0,16188,16188000,227,1.0655
0,16189,16189000,225,1.0557
0,16190,16190000,224,1.0508
0,16191,16191000,222,1.0411
0,16192,16192000,220,1.0313
0,16193,16193000,217,1.0166
0,16194,16194000,214,1.0020
0,16195,16195000,210,0.9824
0,16196,16196000,206,0.9629
0,16197,16197000,201,0.9384
0,16198,16198000,198,0.9238
0,16199,16199000,193,0.8993
0,16200,16200000,188,0.8749
0,16201,16201000,184,0.8553
0,16202,16202000,179,0.8309
0,16203,16203000,174,0.8065
0,16204,16204000,169,0.7820
0,16205,16205000,164,0.7576
0,16206,16206000,159,0.7331
0,16207,16207000,155,0.7136
0,16208,16208000,150,0.6891
0,16209,16209000,144,0.6598
0,16210,16210000,140,0.6403
0,16211,16211000,135,0.6158
0,16212,16212000,131,0.5963
0,16213,16213000,125,0.5670
0,16214,16214000,121,0.5474
0,16215,16215000,116,0.5230
0,16216,16216000,112,0.5034
0,16217,16217000,108,0.4839
0,16218,16218000,103,0.4594
0,16219,16219000,99,0.4399
0,16220,16220000,95,0.4203
0,16221,16221000,91,0.4008
0,16222,16222000,88,0.3861
0,16223,16223000,84,0.3666
0,16224,16224000,81,0.3519
0,16225,16225000,78,0.3372
0,16226,16226000,75,0.3226
0,16227,16227000,71,0.3030
0,16228,16228000,69,0.2933
0,16229,16229000,66,0.2786
0,16230,16230000,63,0.2639
0,16231,16231000,61,0.2542
0,16232,16232000,59,0.2444
0,16233,16233000,56,0.2297
0,16234,16234000,55,0.2248
0,16235,16235000,53,0.2151
0,16236,16236000,51,0.2053
0,16237,16237000,49,0.1955
0,16238,16238000,48,0.1906
0,16239,16239000,47,0.1857
0,16240,16240000,45,0.1760
0,16241,16241000,44,0.1711
0,16242,16242000,43,0.1662
0,16243,16243000,41,0.1564
0,16244,16244000,40,0.1515
0,16245,16245000,39,0.1466
0,16246,16246000,38,0.1417
0,16247,16247000,37,0.1369
0,16248,16248000,35,0.1271
0,16249,16249000,35,0.1271
0,16250,16250000,34,0.1222
0,16251,16251000,32,0.1124
0,16252,16252000,32,0.1124
0,16253,16253000,31,0.1075
0,16254,16254000,30,0.1026
0,16255,16255000,30,0.1026
0,16256,16256000,29,0.0978
0,16257,16257000,28,0.0929
0,16258,16258000,27,0.0880
0,16259,16259000,25,0.0782
0,16260,16260000,24,0.0733
0,16261,16261000,24,0.0733
0,16262,16262000,24,0.0733
0,16263,16263000,24,0.0733
0,16264,16264000,24,0.0733
0,16265,16265000,23,0.0684
0,16266,16266000,22,0.0635
0,16267,16267000,21,0.0587
0,16268,16268000,20,0.0538
0,16269,16269000,19,0.0489
0,16270,16270000,19,0.0489
0,16271,16271000,17,0.0391
0,16272,16272000,17,0.0391
0,16273,16273000,16,0.0342
0,16274,16274000,16,0.0342
0,16275,16275000,15,0.0293
0,16276,16276000,15,0.0293
0,16277,16277000,15,0.0293
0,16278,16278000,15,0.0293
0,16279,16279000,15,0.0293
0,16280,16280000,15,0.0293
0,16281,16281000,15,0.0293
0,16282,16282000,15,0.0293
0,16283,16283000,15,0.0293
0,16284,16284000,15,0.0293
0,16285,16285000,14,0.0244
0,16286,16286000,14,0.0244
0,16287,16287000,14,0.0244
0,16288,16288000,14,0.0244
0,16289,16289000,14,0.0244
0,16290,16290000,14,0.0244
0,16291,16291000,14,0.0244
0,16292,16292000,15,0.0293
0,16293,16293000,15,0.0293
0,16294,16294000,15,0.0293
0,16295,16295000,14,0.0244
0,16296,16296000,14,0.0244
0,16297,16297000,14,0.0244
0,16298,16298000,14,0.0244
0,16299,16299000,14,0.0244
0,16300,16300000,14,0.0244
0,16301,16301000,14,0.0244
0,16302,16302000,14,0.0244
0,16303,16303000,13,0.0196
0,16304,16304000,14,0.0244
0,16305,16305000,13,0.0196
0,16306,16306000,13,0.0196
0,16307,16307000,13,0.0196
0,16308,16308000,13,0.0196
0,16309,16309000,13,0.0196
0,16310,16310000,13,0.0196
0,16311,16311000,13,0.0196
0,16312,16312000,13,0.0196
0,16313,16313000,13,0.0196
0,16314,16314000,13,0.0196
0,16315,16315000,11,0.0098
0,16316,16316000,12,0.0147
0,16317,16317000,12,0.0147
0,16318,16318000,10,0.0049
0,16319,16319000,9,0.0000
0,16320,16320000,6,-0.0147
0,16321,16321000,0,-0.0440
0,16322,16322000,0,-0.0440
0,16323,16323000,0,-0.0440
0,16324,16324000,0,-0.0440
0,16325,16325000,0,-0.0440
0,16326,16326000,0,-0.0440
0,16327,16327000,0,-0.0440
0,16328,16328000,0,-0.0440
0,16329,16329000,0,-0.0440
0,16330,16330000,0,-0.0440
0,16331,16331000,0,-0.0440
0,16332,16332000,0,-0.0440
0,16333,16333000,0,-0.0440
0,16334,16334000,0,-0.0440
0,16335,16335000,0,-0.0440
0,16336,16336000,0,-0.0440
0,16337,16337000,0,-0.0440
0,16338,16338000,0,-0.0440
0,16339,16339000,0,-0.0440
0,16340,16340000,2,-0.0342
0,16341,16341000,2,-0.0342
0,16342,16342000,3,-0.0293
0,16343,16343000,4,-0.0244
0,16344,16344000,6,-0.0147
0,16345,16345000,7,-0.0098
0,16346,16346000,10,0.0049
0,16347,16347000,9,0.0000
0,16348,16348000,9,0.0000
0,16349,16349000,9,0.0000
# piezo_capture_simple | baseline=9 | dt_us=16.008 | fs_Hz=62469 | trig=30 | mode=trigger
event,n,t_us,adc_raw,v_piezo
13,-120,-1921.0,30,0.1026
13,-119,-1905.0,30,0.1026
13,-118,-1888.9,30,0.1026
13,-117,-1872.9,31,0.1075
13,-116,-1856.9,30,0.1026
13,-115,-1840.9,30,0.1026
13,-114,-1824.9,31,0.1075
13,-113,-1808.9,31,0.1075
13,-112,-1792.9,31,0.1075
13,-111,-1776.9,31,0.1075
13,-110,-1760.9,31,0.1075
13,-109,-1744.9,31,0.1075
13,-108,-1728.9,31,0.1075
13,-107,-1712.9,31,0.1075
13,-106,-1696.8,31,0.1075
13,-105,-1680.8,31,0.1075
13,-104,-1664.8,31,0.1075
13,-103,-1648.8,31,0.1075
13,-102,-1632.8,31,0.1075
13,-101,-1616.8,31,0.1075
13,-100,-1600.8,31,0.1075
13,-99,-1584.8,31,0.1075
13,-98,-1568.8,31,0.1075
13,-97,-1552.8,31,0.1075
13,-96,-1536.8,31,0.1075
13,-95,-1520.8,32,0.1124
13,-94,-1504.8,32,0.1124
13,-93,-1488.7,32,0.1124
13,-92,-1472.7,32,0.1124
13,-91,-1456.7,33,0.1173
13,-90,-1440.7,33,0.1173
13,-89,-1424.7,32,0.1124
13,-88,-1408.7,33,0.1173
13,-87,-1392.7,33,0.1173
13,-86,-1376.7,33,0.1173
13,-85,-1360.7,33,0.1173
13,-84,-1344.7,33,0.1173
13,-83,-1328.7,33,0.1173
13,-82,-1312.7,33,0.1173
13,-81,-1296.6,33,0.1173
13,-80,-1280.6,33,0.1173
13,-79,-1264.6,33,0.1173
13,-78,-1248.6,33,0.1173
13,-77,-1232.6,33,0.1173
13,-76,-1216.6,33,0.1173
13,-75,-1200.6,33,0.1173
13,-74,-1184.6,33,0.1173
13,-73,-1168.6,33,0.1173
13,-72,-1152.6,33,0.1173
13,-71,-1136.6,33,0.1173
13,-70,-1120.6,34,0.1222
13,-69,-1104.6,33,0.1173
13,-68,-1088.5,34,0.1222
13,-67,-1072.5,34,0.1222
13,-66,-1056.5,34,0.1222
13,-65,-1040.5,34,0.1222
13,-64,-1024.5,33,0.1173
13,-63,-1008.5,34,0.1222
13,-62,-992.5,34,0.1222
13,-61,-976.5,34,0.1222
13,-60,-960.5,35,0.1271
13,-59,-944.5,34,0.1222
13,-58,-928.5,34,0.1222
13,-57,-912.5,34,0.1222
13,-56,-896.4,34,0.1222
13,-55,-880.4,34,0.1222
13,-54,-864.4,34,0.1222
13,-53,-848.4,35,0.1271
13,-52,-832.4,34,0.1222
13,-51,-816.4,35,0.1271
13,-50,-800.4,34,0.1222
13,-49,-784.4,35,0.1271
13,-48,-768.4,35,0.1271
13,-47,-752.4,35,0.1271
13,-46,-736.4,35,0.1271
13,-45,-720.4,35,0.1271
13,-44,-704.4,35,0.1271
13,-43,-688.3,35,0.1271
13,-42,-672.3,35,0.1271
13,-41,-656.3,35,0.1271
13,-40,-640.3,35,0.1271
13,-39,-624.3,35,0.1271
13,-38,-608.3,35,0.1271
13,-37,-592.3,35,0.1271
13,-36,-576.3,36,0.1320
13,-35,-560.3,35,0.1271
13,-34,-544.3,36,0.1320
13,-33,-528.3,36,0.1320
13,-32,-512.3,36,0.1320
13,-31,-496.2,36,0.1320
13,-30,-480.2,36,0.1320
13,-29,-464.2,36,0.1320
13,-28,-448.2,36,0.1320
13,-27,-432.2,37,0.1369
13,-26,-416.2,37,0.1369
13,-25,-400.2,37,0.1369
13,-24,-384.2,37,0.1369
13,-23,-368.2,37,0.1369
13,-22,-352.2,37,0.1369
13,-21,-336.2,38,0.1417
13,-20,-320.2,37,0.1369
13,-19,-304.2,37,0.1369
13,-18,-288.1,37,0.1369
13,-17,-272.1,37,0.1369
13,-16,-256.1,38,0.1417
13,-15,-240.1,38,0.1417
13,-14,-224.1,38,0.1417
13,-13,-208.1,38,0.1417
13,-12,-192.1,38,0.1417
13,-11,-176.1,38,0.1417
13,-10,-160.1,38,0.1417
13,-9,-144.1,38,0.1417
13,-8,-128.1,38,0.1417
13,-7,-112.1,38,0.1417
13,-6,-96.0,38,0.1417
13,-5,-80.0,38,0.1417
13,-4,-64.0,38,0.1417
13,-3,-48.0,38,0.1417
13,-2,-32.0,38,0.1417
13,-1,-16.0,39,0.1466
13,0,0.0,32,0.1124
13,1,16.0,38,0.1417
13,2,32.0,39,0.1466
13,3,48.0,39,0.1466
13,4,64.0,39,0.1466
13,5,80.0,39,0.1466
13,6,96.0,39,0.1466
13,7,112.1,39,0.1466
13,8,128.1,39,0.1466
13,9,144.1,39,0.1466
13,10,160.1,39,0.1466
13,11,176.1,39,0.1466
13,12,192.1,39,0.1466
13,13,208.1,39,0.1466
13,14,224.1,40,0.1515
13,15,240.1,40,0.1515
13,16,256.1,40,0.1515
13,17,272.1,40,0.1515
13,18,288.1,40,0.1515
13,19,304.2,40,0.1515
13,20,320.2,40,0.1515
13,21,336.2,41,0.1564
13,22,352.2,40,0.1515
13,23,368.2,40,0.1515
13,24,384.2,41,0.1564
13,25,400.2,40,0.1515
13,26,416.2,41,0.1564
13,27,432.2,41,0.1564
13,28,448.2,41,0.1564
13,29,464.2,41,0.1564
13,30,480.2,41,0.1564
13,31,496.2,41,0.1564
13,32,512.3,41,0.1564
13,33,528.3,41,0.1564
13,34,544.3,41,0.1564
13,35,560.3,41,0.1564
13,36,576.3,42,0.1613
13,37,592.3,43,0.1662
13,38,608.3,42,0.1613
13,39,624.3,43,0.1662
13,40,640.3,43,0.1662
13,41,656.3,43,0.1662
13,42,672.3,43,0.1662
13,43,688.3,43,0.1662
13,44,704.4,43,0.1662
13,45,720.4,43,0.1662
13,46,736.4,43,0.1662
13,47,752.4,43,0.1662
13,48,768.4,44,0.1711
13,49,784.4,44,0.1711
13,50,800.4,44,0.1711
13,51,816.4,44,0.1711
13,52,832.4,44,0.1711
13,53,848.4,44,0.1711
13,54,864.4,44,0.1711
13,55,880.4,44,0.1711
13,56,896.4,44,0.1711
13,57,912.5,44,0.1711
13,58,928.5,44,0.1711
13,59,944.5,44,0.1711
13,60,960.5,44,0.1711
13,61,976.5,44,0.1711
13,62,992.5,45,0.1760
13,63,1008.5,44,0.1711
13,64,1024.5,45,0.1760
13,65,1040.5,45,0.1760
13,66,1056.5,45,0.1760
13,67,1072.5,45,0.1760
13,68,1088.5,45,0.1760
13,69,1104.6,45,0.1760
13,70,1120.6,46,0.1808
13,71,1136.6,46,0.1808
13,72,1152.6,46,0.1808
13,73,1168.6,46,0.1808
13,74,1184.6,47,0.1857
13,75,1200.6,47,0.1857
13,76,1216.6,48,0.1906
13,77,1232.6,48,0.1906
13,78,1248.6,48,0.1906
13,79,1264.6,48,0.1906
13,80,1280.6,48,0.1906
13,81,1296.6,48,0.1906
13,82,1312.7,48,0.1906
13,83,1328.7,48,0.1906
13,84,1344.7,48,0.1906
13,85,1360.7,48,0.1906
13,86,1376.7,49,0.1955
13,87,1392.7,49,0.1955
13,88,1408.7,49,0.1955
13,89,1424.7,49,0.1955
13,90,1440.7,49,0.1955
13,91,1456.7,49,0.1955
13,92,1472.7,49,0.1955
13,93,1488.7,49,0.1955
13,94,1504.8,49,0.1955
13,95,1520.8,49,0.1955
13,96,1536.8,49,0.1955
13,97,1552.8,49,0.1955
13,98,1568.8,49,0.1955
13,99,1584.8,50,0.2004
13,100,1600.8,50,0.2004
13,101,1616.8,50,0.2004
13,102,1632.8,50,0.2004
13,103,1648.8,49,0.1955
13,104,1664.8,49,0.1955
13,105,1680.8,50,0.2004
13,106,1696.8,50,0.2004
13,107,1712.9,50,0.2004
13,108,1728.9,50,0.2004
13,109,1744.9,50,0.2004
13,110,1760.9,50,0.2004
13,111,1776.9,50,0.2004
13,112,1792.9,51,0.2053
13,113,1808.9,50,0.2004
13,114,1824.9,51,0.2053
13,115,1840.9,51,0.2053
13,116,1856.9,51,0.2053
13,117,1872.9,51,0.2053
13,118,1888.9,51,0.2053
13,119,1905.0,51,0.2053
13,120,1921.0,51,0.2053
13,121,1937.0,51,0.2053
13,122,1953.0,51,0.2053
13,123,1969.0,51,0.2053
13,124,1985.0,51,0.2053
13,125,2001.0,51,0.2053
13,126,2017.0,51,0.2053
13,127,2033.0,51,0.2053
13,128,2049.0,51,0.2053
13,129,2065.0,51,0.2053
13,130,2081.0,51,0.2053
13,131,2097.0,51,0.2053
13,132,2113.1,51,0.2053
13,133,2129.1,51,0.2053
13,134,2145.1,51,0.2053
13,135,2161.1,51,0.2053
13,136,2177.1,51,0.2053
13,137,2193.1,51,0.2053
13,138,2209.1,51,0.2053
13,139,2225.1,51,0.2053
13,140,2241.1,51,0.2053
13,141,2257.1,51,0.2053
13,142,2273.1,51,0.2053
13,143,2289.1,51,0.2053
13,144,2305.2,51,0.2053
13,145,2321.2,51,0.2053
13,146,2337.2,51,0.2053
13,147,2353.2,51,0.2053
13,148,2369.2,51,0.2053
13,149,2385.2,51,0.2053
13,150,2401.2,51,0.2053
13,151,2417.2,51,0.2053
13,152,2433.2,52,0.2102
13,153,2449.2,52,0.2102
13,154,2465.2,52,0.2102
13,155,2481.2,52,0.2102
13,156,2497.2,52,0.2102
13,157,2513.3,52,0.2102
13,158,2529.3,52,0.2102
13,159,2545.3,52,0.2102
13,160,2561.3,52,0.2102
13,161,2577.3,52,0.2102
13,162,2593.3,53,0.2151
13,163,2609.3,53,0.2151
13,164,2625.3,53,0.2151
13,165,2641.3,54,0.2199
13,166,2657.3,53,0.2151
13,167,2673.3,54,0.2199
13,168,2689.3,53,0.2151
13,169,2705.4,53,0.2151
13,170,2721.4,53,0.2151
13,171,2737.4,53,0.2151
13,172,2753.4,53,0.2151
13,173,2769.4,52,0.2102
13,174,2785.4,52,0.2102
13,175,2801.4,52,0.2102
13,176,2817.4,51,0.2053
13,177,2833.4,51,0.2053
13,178,2849.4,51,0.2053
13,179,2865.4,51,0.2053
13,180,2881.4,51,0.2053
13,181,2897.4,51,0.2053
13,182,2913.5,50,0.2004
13,183,2929.5,50,0.2004
13,184,2945.5,50,0.2004
13,185,2961.5,50,0.2004
13,186,2977.5,50,0.2004
13,187,2993.5,50,0.2004
13,188,3009.5,49,0.1955
13,189,3025.5,49,0.1955
13,190,3041.5,49,0.1955
13,191,3057.5,49,0.1955
13,192,3073.5,49,0.1955
13,193,3089.5,48,0.1906
13,194,3105.6,48,0.1906
13,195,3121.6,48,0.1906
13,196,3137.6,48,0.1906
13,197,3153.6,48,0.1906
13,198,3169.6,48,0.1906
13,199,3185.6,48,0.1906
13,200,3201.6,48,0.1906
13,201,3217.6,47,0.1857
13,202,3233.6,47,0.1857
13,203,3249.6,47,0.1857
13,204,3265.6,47,0.1857
13,205,3281.6,47,0.1857
13,206,3297.6,46,0.1808
13,207,3313.7,46,0.1808
13,208,3329.7,46,0.1808
13,209,3345.7,46,0.1808
13,210,3361.7,46,0.1808
13,211,3377.7,45,0.1760
13,212,3393.7,45,0.1760
13,213,3409.7,45,0.1760
13,214,3425.7,45,0.1760
13,215,3441.7,45,0.1760
13,216,3457.7,44,0.1711
13,217,3473.7,44,0.1711
13,218,3489.7,44,0.1711
13,219,3505.8,44,0.1711
13,220,3521.8,44,0.1711
13,221,3537.8,44,0.1711
13,222,3553.8,44,0.1711
13,223,3569.8,43,0.1662
13,224,3585.8,43,0.1662
13,225,3601.8,43,0.1662
13,226,3617.8,43,0.1662
13,227,3633.8,43,0.1662
13,228,3649.8,43,0.1662
13,229,3665.8,43,0.1662
13,230,3681.8,43,0.1662
13,231,3697.8,43,0.1662
13,232,3713.9,43,0.1662
13,233,3729.9,42,0.1613
13,234,3745.9,42,0.1613
13,235,3761.9,42,0.1613
13,236,3777.9,41,0.1564
13,237,3793.9,42,0.1613
13,238,3809.9,41,0.1564
13,239,3825.9,41,0.1564
13,240,3841.9,41,0.1564
13,241,3857.9,41,0.1564
13,242,3873.9,41,0.1564
13,243,3889.9,40,0.1515
13,244,3906.0,40,0.1515
13,245,3922.0,40,0.1515
13,246,3938.0,39,0.1466
13,247,3954.0,39,0.1466
13,248,3970.0,39,0.1466
13,249,3986.0,39,0.1466
13,250,4002.0,39,0.1466
13,251,4018.0,39,0.1466
13,252,4034.0,39,0.1466
13,253,4050.0,39,0.1466
13,254,4066.0,39,0.1466
13,255,4082.0,39,0.1466
13,256,4098.0,39,0.1466
13,257,4114.1,39,0.1466
13,258,4130.1,38,0.1417
13,259,4146.1,38,0.1417
13,260,4162.1,38,0.1417
13,261,4178.1,38,0.1417
13,262,4194.1,38,0.1417
13,263,4210.1,38,0.1417
13,264,4226.1,38,0.1417
13,265,4242.1,38,0.1417
13,266,4258.1,37,0.1369
13,267,4274.1,37,0.1369
13,268,4290.1,37,0.1369
13,269,4306.2,37,0.1369
13,270,4322.2,36,0.1320
13,271,4338.2,36,0.1320
13,272,4354.2,36,0.1320
13,273,4370.2,36,0.1320
13,274,4386.2,35,0.1271
13,275,4402.2,35,0.1271
13,276,4418.2,35,0.1271
13,277,4434.2,35,0.1271
13,278,4450.2,35,0.1271
13,279,4466.2,35,0.1271
13,280,4482.2,35,0.1271
13,281,4498.2,35,0.1271
13,282,4514.3,35,0.1271
13,283,4530.3,35,0.1271
13,284,4546.3,35,0.1271
13,285,4562.3,35,0.1271
13,286,4578.3,34,0.1222
13,287,4594.3,34,0.1222
13,288,4610.3,34,0.1222
13,289,4626.3,33,0.1173
13,290,4642.3,34,0.1222
13,291,4658.3,33,0.1173
13,292,4674.3,33,0.1173
13,293,4690.3,33,0.1173
13,294,4706.4,33,0.1173
13,295,4722.4,33,0.1173
13,296,4738.4,33,0.1173
13,297,4754.4,33,0.1173
13,298,4770.4,32,0.1124
13,299,4786.4,32,0.1124
13,300,4802.4,32,0.1124
13,301,4818.4,32,0.1124
13,302,4834.4,33,0.1173
13,303,4850.4,32,0.1124
13,304,4866.4,32,0.1124
13,305,4882.4,32,0.1124
13,306,4898.4,32,0.1124
13,307,4914.5,33,0.1173
13,308,4930.5,32,0.1124
13,309,4946.5,32,0.1124
13,310,4962.5,32,0.1124
13,311,4978.5,31,0.1075
13,312,4994.5,32,0.1124
13,313,5010.5,31,0.1075
13,314,5026.5,31,0.1075
13,315,5042.5,31,0.1075
13,316,5058.5,31,0.1075
13,317,5074.5,31,0.1075
13,318,5090.5,31,0.1075
13,319,5106.6,31,0.1075
13,320,5122.6,31,0.1075
13,321,5138.6,31,0.1075
13,322,5154.6,31,0.1075
13,323,5170.6,31,0.1075
13,324,5186.6,30,0.1026
13,325,5202.6,30,0.1026
13,326,5218.6,30,0.1026
13,327,5234.6,31,0.1075
13,328,5250.6,30,0.1026
13,329,5266.6,30,0.1026
13,330,5282.6,30,0.1026
13,331,5298.6,30,0.1026
13,332,5314.7,30,0.1026
13,333,5330.7,30,0.1026
13,334,5346.7,30,0.1026
13,335,5362.7,30,0.1026
13,336,5378.7,30,0.1026
13,337,5394.7,30,0.1026
13,338,5410.7,30,0.1026
13,339,5426.7,30,0.1026
13,340,5442.7,30,0.1026
13,341,5458.7,30,0.1026
13,342,5474.7,30,0.1026
13,343,5490.7,30,0.1026
13,344,5506.8,30,0.1026
13,345,5522.8,30,0.1026
13,346,5538.8,30,0.1026
13,347,5554.8,30,0.1026
13,348,5570.8,30,0.1026
13,349,5586.8,30,0.1026
13,350,5602.8,29,0.0978
13,351,5618.8,29,0.0978
13,352,5634.8,29,0.0978
13,353,5650.8,29,0.0978
13,354,5666.8,29,0.0978
13,355,5682.8,29,0.0978
13,356,5698.8,29,0.0978
13,357,5714.9,30,0.1026
13,358,5730.9,30,0.1026
13,359,5746.9,30,0.1026
13,360,5762.9,31,0.1075
13,361,5778.9,30,0.1026
13,362,5794.9,31,0.1075
13,363,5810.9,33,0.1173
13,364,5826.9,37,0.1369
13,365,5842.9,43,0.1662
13,366,5858.9,49,0.1955
13,367,5874.9,54,0.2199
13,368,5890.9,56,0.2297
13,369,5907.0,56,0.2297
13,370,5923.0,56,0.2297
13,371,5939.0,54,0.2199
13,372,5955.0,52,0.2102
13,373,5971.0,51,0.2053
13,374,5987.0,51,0.2053
13,375,6003.0,51,0.2053
13,376,6019.0,54,0.2199
13,377,6035.0,56,0.2297
13,378,6051.0,58,0.2395
13,379,6067.0,59,0.2444
13,380,6083.0,57,0.2346
13,381,6099.0,54,0.2199
13,382,6115.1,51,0.2053
13,383,6131.1,46,0.1808
13,384,6147.1,44,0.1711
13,385,6163.1,41,0.1564
13,386,6179.1,40,0.1515
13,387,6195.1,39,0.1466
13,388,6211.1,39,0.1466
13,389,6227.1,41,0.1564
13,390,6243.1,42,0.1613
13,391,6259.1,43,0.1662
13,392,6275.1,44,0.1711
13,393,6291.1,43,0.1662
13,394,6307.2,43,0.1662
13,395,6323.2,41,0.1564
13,396,6339.2,39,0.1466
13,397,6355.2,39,0.1466
13,398,6371.2,38,0.1417
13,399,6387.2,38,0.1417
13,400,6403.2,38,0.1417
13,401,6419.2,39,0.1466
13,402,6435.2,39,0.1466
13,403,6451.2,39,0.1466
13,404,6467.2,41,0.1564
13,405,6483.2,41,0.1564
13,406,6499.2,40,0.1515
13,407,6515.3,40,0.1515
13,408,6531.3,39,0.1466
13,409,6547.3,39,0.1466
13,410,6563.3,39,0.1466
13,411,6579.3,39,0.1466
13,412,6595.3,39,0.1466
13,413,6611.3,39,0.1466
13,414,6627.3,39,0.1466
13,415,6643.3,39,0.1466
13,416,6659.3,39,0.1466
13,417,6675.3,39,0.1466
13,418,6691.3,38,0.1417
13,419,6707.4,38,0.1417
13,420,6723.4,37,0.1369
13,421,6739.4,36,0.1320
13,422,6755.4,36,0.1320
13,423,6771.4,35,0.1271
13,424,6787.4,35,0.1271
13,425,6803.4,35,0.1271
13,426,6819.4,34,0.1222
13,427,6835.4,34,0.1222
13,428,6851.4,33,0.1173
13,429,6867.4,33,0.1173
13,430,6883.4,33,0.1173
13,431,6899.4,32,0.1124
13,432,6915.5,33,0.1173
13,433,6931.5,32,0.1124
13,434,6947.5,33,0.1173
13,435,6963.5,33,0.1173
13,436,6979.5,33,0.1173
13,437,6995.5,33,0.1173
13,438,7011.5,34,0.1222
13,439,7027.5,34,0.1222
13,440,7043.5,34,0.1222
13,441,7059.5,33,0.1173
13,442,7075.5,33,0.1173
13,443,7091.5,32,0.1124
13,444,7107.6,31,0.1075
13,445,7123.6,31,0.1075
13,446,7139.6,31,0.1075
13,447,7155.6,31,0.1075
13,448,7171.6,31,0.1075
13,449,7187.6,31,0.1075
13,450,7203.6,30,0.1026
13,451,7219.6,30,0.1026
13,452,7235.6,30,0.1026
13,453,7251.6,29,0.0978
13,454,7267.6,28,0.0929
13,455,7283.6,28,0.0929
13,456,7299.6,27,0.0880
13,457,7315.7,27,0.0880
13,458,7331.7,27,0.0880
13,459,7347.7,27,0.0880
13,460,7363.7,27,0.0880
13,461,7379.7,27,0.0880
13,462,7395.7,28,0.0929
13,463,7411.7,28,0.0929
13,464,7427.7,28,0.0929
13,465,7443.7,28,0.0929
13,466,7459.7,28,0.0929
13,467,7475.7,28,0.0929
13,468,7491.7,27,0.0880
13,469,7507.8,27,0.0880
13,470,7523.8,28,0.0929
13,471,7539.8,28,0.0929
13,472,7555.8,28,0.0929
13,473,7571.8,28,0.0929
13,474,7587.8,28,0.0929
13,475,7603.8,29,0.0978
13,476,7619.8,29,0.0978
13,477,7635.8,29,0.0978
13,478,7651.8,29,0.0978
13,479,7667.8,29,0.0978
# event 13 | peak_V=0.244
# piezo_capture_simple | baseline=9 | dt_us=16.008 | fs_Hz=62469 | trig=30 | mode=continuous
event,n,t_us,adc_raw,v_piezo
0,16350,16350000,7,-0.0098
0,16351,16351000,9,0.0000
0,16352,16352000,7,-0.0098
0,16353,16353000,7,-0.0098
0,16354,16354000,7,-0.0098
0,16355,16355000,7,-0.0098
0,16356,16356000,7,-0.0098
0,16357,16357000,7,-0.0098
0,16358,16358000,7,-0.0098
0,16359,16359000,7,-0.0098
0,16360,16360000,7,-0.0098
0,16361,16361000,8,-0.0049
0,16362,16362000,8,-0.0049
0,16363,16363000,7,-0.0098
0,16364,16364000,8,-0.0049
0,16365,16365000,7,-0.0098
0,16366,16366000,7,-0.0098
0,16367,16367000,8,-0.0049
0,16368,16368000,7,-0.0098
0,16369,16369000,8,-0.0049
0,16370,16370000,8,-0.0049
0,16371,16371000,8,-0.0049
0,16372,16372000,7,-0.0098
0,16373,16373000,7,-0.0098
0,16374,16374000,8,-0.0049
0,16375,16375000,8,-0.0049
0,16376,16376000,7,-0.0098
0,16377,16377000,8,-0.0049
0,16378,16378000,8,-0.0049
0,16379,16379000,7,-0.0098
0,16380,16380000,7,-0.0098
0,16381,16381000,8,-0.0049
0,16382,16382000,7,-0.0098
0,16383,16383000,7,-0.0098
0,16384,16384000,8,-0.0049
0,16385,16385000,8,-0.0049
0,16386,16386000,8,-0.0049
0,16387,16387000,8,-0.0049
0,16388,16388000,8,-0.0049
0,16389,16389000,8,-0.0049
0,16390,16390000,9,0.0000
0,16391,16391000,8,-0.0049
0,16392,16392000,8,-0.0049
0,16393,16393000,8,-0.0049
0,16394,16394000,8,-0.0049
0,16395,16395000,8,-0.0049
0,16396,16396000,9,0.0000
0,16397,16397000,8,-0.0049
0,16398,16398000,9,0.0000
0,16399,16399000,9,0.0000
0,16400,16400000,9,0.0000
0,16401,16401000,8,-0.0049
0,16402,16402000,8,-0.0049
0,16403,16403000,8,-0.0049
0,16404,16404000,8,-0.0049
0,16405,16405000,9,0.0000
0,16406,16406000,9,0.0000
0,16407,16407000,8,-0.0049
0,16408,16408000,8,-0.0049
0,16409,16409000,8,-0.0049
0,16410,16410000,9,0.0000
0,16411,16411000,9,0.0000
0,16412,16412000,9,0.0000
0,16413,16413000,9,0.0000
0,16414,16414000,9,0.0000
0,16415,16415000,9,0.0000
0,16416,16416000,9,0.0000
0,16417,16417000,9,0.0000
0,16418,16418000,9,0.0000
0,16419,16419000,9,0.0000
0,16420,16420000,9,0.0000
0,16421,16421000,9,0.0000
0,16422,16422000,9,0.0000
0,16423,16423000,9,0.0000
0,16424,16424000,9,0.0000
0,16425,16425000,8,-0.0049
0,16426,16426000,9,0.0000
0,16427,16427000,9,0.0000
0,16428,16428000,9,0.0000
0,16429,16429000,9,0.0000
0,16430,16430000,9,0.0000
0,16431,16431000,8,-0.0049
0,16432,16432000,8,-0.0049
0,16433,16433000,8,-0.0049
0,16434,16434000,9,0.0000
0,16435,16435000,9,0.0000
0,16436,16436000,9,0.0000
0,16437,16437000,8,-0.0049
0,16438,16438000,8,-0.0049
0,16439,16439000,8,-0.0049
0,16440,16440000,9,0.0000
0,16441,16441000,8,-0.0049
0,16442,16442000,9,0.0000
0,16443,16443000,9,0.0000
0,16444,16444000,8,-0.0049
0,16445,16445000,9,0.0000
0,16446,16446000,9,0.0000
0,16447,16447000,9,0.0000
0,16448,16448000,9,0.0000
0,16449,16449000,8,-0.0049
0,16450,16450000,9,0.0000
0,16451,16451000,9,0.0000
0,16452,16452000,8,-0.0049
0,16453,16453000,9,0.0000
0,16454,16454000,9,0.0000
0,16455,16455000,8,-0.0049
0,16456,16456000,8,-0.0049
0,16457,16457000,9,0.0000
0,16458,16458000,9,0.0000
0,16459,16459000,8,-0.0049
0,16460,16460000,8,-0.0049
0,16461,16461000,8,-0.0049
0,16462,16462000,8,-0.0049
0,16463,16463000,8,-0.0049
0,16464,16464000,8,-0.0049
0,16465,16465000,8,-0.0049
0,16466,16466000,9,0.0000
0,16467,16467000,8,-0.0049
0,16468,16468000,8,-0.0049
0,16469,16469000,8,-0.0049
0,16470,16470000,9,0.0000
0,16471,16471000,9,0.0000
0,16472,16472000,8,-0.0049
0,16473,16473000,9,0.0000
0,16474,16474000,8,-0.0049
0,16475,16475000,9,0.0000
0,16476,16476000,9,0.0000
0,16477,16477000,9,0.0000
0,16478,16478000,8,-0.0049
0,16479,16479000,8,-0.0049
0,16480,16480000,9,0.0000
0,16481,16481000,8,-0.0049
0,16482,16482000,9,0.0000
0,16483,16483000,8,-0.0049
0,16484,16484000,8,-0.0049
0,16485,16485000,8,-0.0049
0,16486,16486000,8,-0.0049
0,16487,16487000,8,-0.0049
0,16488,16488000,8,-0.0049
0,16489,16489000,8,-0.0049
0,16490,16490000,8,-0.0049
0,16491,16491000,8,-0.0049
0,16492,16492000,8,-0.0049
0,16493,16493000,9,0.0000
0,16494,16494000,8,-0.0049
0,16495,16495000,9,0.0000
0,16496,16496000,8,-0.0049
0,16497,16497000,9,0.0000
0,16498,16498000,8,-0.0049
0,16499,16499000,8,-0.0049
0,16500,16500000,8,-0.0049
0,16501,16501000,8,-0.0049
0,16502,16502000,8,-0.0049
0,16503,16503000,8,-0.0049
0,16504,16504000,9,0.0000
0,16505,16505000,8,-0.0049
0,16506,16506000,9,0.0000
0,16507,16507000,9,0.0000
0,16508,16508000,9,0.0000
0,16509,16509000,9,0.0000
0,16510,16510000,9,0.0000
0,16511,16511000,9,0.0000
0,16512,16512000,8,-0.0049
0,16513,16513000,9,0.0000
0,16514,16514000,9,0.0000
0,16515,16515000,8,-0.0049
0,16516,16516000,9,0.0000
0,16517,16517000,8,-0.0049
0,16518,16518000,8,-0.0049
0,16519,16519000,8,-0.0049
0,16520,16520000,8,-0.0049
0,16521,16521000,8,-0.0049
0,16522,16522000,9,0.0000
0,16523,16523000,9,0.0000
0,16524,16524000,8,-0.0049
0,16525,16525000,8,-0.0049
0,16526,16526000,8,-0.0049
0,16527,16527000,8,-0.0049
0,16528,16528000,8,-0.0049
0,16529,16529000,9,0.0000
0,16530,16530000,8,-0.0049
0,16531,16531000,8,-0.0049
0,16532,16532000,8,-0.0049
0,16533,16533000,8,-0.0049
0,16534,16534000,8,-0.0049
0,16535,16535000,8,-0.0049
0,16536,16536000,9,0.0000
0,16537,16537000,8,-0.0049
0,16538,16538000,8,-0.0049
0,16539,16539000,8,-0.0049
0,16540,16540000,8,-0.0049
0,16541,16541000,8,-0.0049
0,16542,16542000,8,-0.0049
0,16543,16543000,9,0.0000
0,16544,16544000,8,-0.0049
0,16545,16545000,8,-0.0049
0,16546,16546000,9,0.0000
0,16547,16547000,7,-0.0098
0,16548,16548000,9,0.0000
0,16549,16549000,8,-0.0049
0,16550,16550000,8,-0.0049
0,16551,16551000,8,-0.0049
0,16552,16552000,8,-0.0049
0,16553,16553000,8,-0.0049
0,16554,16554000,8,-0.0049
0,16555,16555000,8,-0.0049
0,16556,16556000,8,-0.0049
0,16557,16557000,8,-0.0049
0,16558,16558000,8,-0.0049
0,16559,16559000,8,-0.0049
0,16560,16560000,8,-0.0049
0,16561,16561000,8,-0.0049
0,16562,16562000,8,-0.0049
0,16563,16563000,8,-0.0049
0,16564,16564000,8,-0.0049
0,16565,16565000,8,-0.0049
0,16566,16566000,8,-0.0049
0,16567,16567000,8,-0.0049
0,16568,16568000,8,-0.0049
0,16569,16569000,9,0.0000
0,16570,16570000,9,0.0000
0,16571,16571000,8,-0.0049
0,16572,16572000,8,-0.0049
0,16573,16573000,8,-0.0049
0,16574,16574000,9,0.0000
0,16575,16575000,8,-0.0049
0,16576,16576000,9,0.0000
0,16577,16577000,8,-0.0049
0,16578,16578000,9,0.0000
0,16579,16579000,8,-0.0049
0,16580,16580000,8,-0.0049
0,16581,16581000,8,-0.0049
0,16582,16582000,8,-0.0049
0,16583,16583000,8,-0.0049
0,16584,16584000,9,0.0000
0,16585,16585000,8,-0.0049
0,16586,16586000,8,-0.0049
0,16587,16587000,8,-0.0049
0,16588,16588000,8,-0.0049
0,16589,16589000,8,-0.0049
0,16590,16590000,8,-0.0049
0,16591,16591000,8,-0.0049
0,16592,16592000,8,-0.0049
0,16593,16593000,8,-0.0049
0,16594,16594000,8,-0.0049
0,16595,16595000,8,-0.0049
0,16596,16596000,9,0.0000
0,16597,16597000,9,0.0000
0,16598,16598000,8,-0.0049
0,16599,16599000,8,-0.0049
0,16600,16600000,8,-0.0049
0,16601,16601000,8,-0.0049
0,16602,16602000,9,0.0000
0,16603,16603000,9,0.0000
0,16604,16604000,8,-0.0049
0,16605,16605000,9,0.0000
0,16606,16606000,9,0.0000
0,16607,16607000,9,0.0000
0,16608,16608000,9,0.0000
0,16609,16609000,9,0.0000
0,16610,16610000,8,-0.0049
0,16611,16611000,9,0.0000
0,16612,16612000,9,0.0000
0,16613,16613000,9,0.0000
0,16614,16614000,9,0.0000
0,16615,16615000,9,0.0000
0,16616,16616000,9,0.0000
0,16617,16617000,9,0.0000
0,16618,16618000,9,0.0000
0,16619,16619000,9,0.0000
0,16620,16620000,9,0.0000
0,16621,16621000,9,0.0000
0,16622,16622000,9,0.0000
0,16623,16623000,9,0.0000
0,16624,16624000,8,-0.0049
0,16625,16625000,9,0.0000
0,16626,16626000,9,0.0000
0,16627,16627000,9,0.0000
0,16628,16628000,9,0.0000
0,16629,16629000,9,0.0000
0,16630,16630000,8,-0.0049
0,16631,16631000,8,-0.0049
0,16632,16632000,9,0.0000
0,16633,16633000,9,0.0000
0,16634,16634000,9,0.0000
0,16635,16635000,9,0.0000
0,16636,16636000,9,0.0000
0,16637,16637000,9,0.0000
0,16638,16638000,9,0.0000
0,16639,16639000,8,-0.0049
0,16640,16640000,8,-0.0049
0,16641,16641000,8,-0.0049
0,16642,16642000,9,0.0000
0,16643,16643000,8,-0.0049
0,16644,16644000,9,0.0000
0,16645,16645000,8,-0.0049
0,16646,16646000,8,-0.0049
0,16647,16647000,8,-0.0049
0,16648,16648000,8,-0.0049
0,16649,16649000,8,-0.0049
0,16650,16650000,8,-0.0049
0,16651,16651000,8,-0.0049
0,16652,16652000,8,-0.0049
0,16653,16653000,8,-0.0049
0,16654,16654000,8,-0.0049
0,16655,16655000,8,-0.0049
0,16656,16656000,8,-0.0049
0,16657,16657000,8,-0.0049
0,16658,16658000,9,0.0000
0,16659,16659000,8,-0.0049
0,16660,16660000,8,-0.0049
0,16661,16661000,9,0.0000
0,16662,16662000,8,-0.0049
0,16663,16663000,9,0.0000
0,16664,16664000,8,-0.0049
0,16665,16665000,7,-0.0098
0,16666,16666000,8,-0.0049
0,16667,16667000,8,-0.0049
0,16668,16668000,8,-0.0049
0,16669,16669000,7,-0.0098
0,16670,16670000,8,-0.0049
0,16671,16671000,8,-0.0049
0,16672,16672000,7,-0.0098
0,16673,16673000,7,-0.0098
0,16674,16674000,8,-0.0049
0,16675,16675000,8,-0.0049
0,16676,16676000,7,-0.0098
0,16677,16677000,8,-0.0049
0,16678,16678000,7,-0.0098
0,16679,16679000,8,-0.0049
0,16680,16680000,7,-0.0098
0,16681,16681000,8,-0.0049
0,16682,16682000,8,-0.0049
0,16683,16683000,8,-0.0049
0,16684,16684000,8,-0.0049
0,16685,16685000,8,-0.0049
0,16686,16686000,8,-0.0049
0,16687,16687000,7,-0.0098
0,16688,16688000,8,-0.0049
0,16689,16689000,8,-0.0049
0,16690,16690000,8,-0.0049
0,16691,16691000,8,-0.0049
0,16692,16692000,8,-0.0049
0,16693,16693000,8,-0.0049
0,16694,16694000,9,0.0000
0,16695,16695000,7,-0.0098
0,16696,16696000,8,-0.0049
0,16697,16697000,8,-0.0049
0,16698,16698000,8,-0.0049
0,16699,16699000,8,-0.0049
0,16700,16700000,8,-0.0049
0,16701,16701000,8,-0.0049
0,16702,16702000,9,0.0000
0,16703,16703000,8,-0.0049
0,16704,16704000,8,-0.0049
0,16705,16705000,8,-0.0049
0,16706,16706000,8,-0.0049
0,16707,16707000,8,-0.0049
0,16708,16708000,8,-0.0049
0,16709,16709000,9,0.0000
0,16710,16710000,9,0.0000
0,16711,16711000,9,0.0000
0,16712,16712000,8,-0.0049
0,16713,16713000,9,0.0000
0,16714,16714000,8,-0.0049
0,16715,16715000,9,0.0000
0,16716,16716000,8,-0.0049
0,16717,16717000,9,0.0000
0,16718,16718000,8,-0.0049
0,16719,16719000,9,0.0000
0,16720,16720000,9,0.0000
0,16721,16721000,8,-0.0049
0,16722,16722000,9,0.0000
0,16723,16723000,9,0.0000
0,16724,16724000,8,-0.0049
0,16725,16725000,9,0.0000
0,16726,16726000,9,0.0000
0,16727,16727000,9,0.0000
0,16728,16728000,8,-0.0049
0,16729,16729000,9,0.0000
0,16730,16730000,9,0.0000
0,16731,16731000,8,-0.0049
0,16732,16732000,8,-0.0049
0,16733,16733000,9,0.0000
0,16734,16734000,9,0.0000
0,16735,16735000,9,0.0000
0,16736,16736000,9,0.0000
0,16737,16737000,8,-0.0049
0,16738,16738000,9,0.0000
0,16739,16739000,9,0.0000
0,16740,16740000,9,0.0000
0,16741,16741000,9,0.0000
0,16742,16742000,9,0.0000
0,16743,16743000,8,-0.0049
0,16744,16744000,9,0.0000
0,16745,16745000,8,-0.0049
0,16746,16746000,9,0.0000
0,16747,16747000,9,0.0000
0,16748,16748000,9,0.0000
0,16749,16749000,8,-0.0049
0,16750,16750000,8,-0.0049
0,16751,16751000,9,0.0000
0,16752,16752000,9,0.0000
0,16753,16753000,8,-0.0049
0,16754,16754000,9,0.0000
0,16755,16755000,8,-0.0049
0,16756,16756000,8,-0.0049
0,16757,16757000,8,-0.0049
0,16758,16758000,9,0.0000
0,16759,16759000,7,-0.0098
0,16760,16760000,8,-0.0049
0,16761,16761000,8,-0.0049
0,16762,16762000,8,-0.0049
0,16763,16763000,8,-0.0049
0,16764,16764000,8,-0.0049
0,16765,16765000,8,-0.0049
0,16766,16766000,9,0.0000
0,16767,16767000,8,-0.0049
0,16768,16768000,9,0.0000
0,16769,16769000,9,0.0000
0,16770,16770000,9,0.0000
0,16771,16771000,8,-0.0049
0,16772,16772000,8,-0.0049
0,16773,16773000,8,-0.0049
0,16774,16774000,9,0.0000
0,16775,16775000,8,-0.0049
0,16776,16776000,8,-0.0049
0,16777,16777000,8,-0.0049
0,16778,16778000,8,-0.0049
0,16779,16779000,8,-0.0049
0,16780,16780000,9,0.0000
0,16781,16781000,8,-0.0049
0,16782,16782000,8,-0.0049
0,16783,16783000,8,-0.0049
0,16784,16784000,8,-0.0049
0,16785,16785000,9,0.0000
0,16786,16786000,8,-0.0049
0,16787,16787000,9,0.0000
0,16788,16788000,8,-0.0049
0,16789,16789000,8,-0.0049
0,16790,16790000,8,-0.0049
0,16791,16791000,8,-0.0049
0,16792,16792000,8,-0.0049
0,16793,16793000,8,-0.0049
0,16794,16794000,8,-0.0049
0,16795,16795000,8,-0.0049
0,16796,16796000,8,-0.0049
0,16797,16797000,9,0.0000
0,16798,16798000,8,-0.0049
0,16799,16799000,8,-0.0049
0,16800,16800000,8,-0.0049
0,16801,16801000,9,0.0000
0,16802,16802000,9,0.0000
0,16803,16803000,8,-0.0049
0,16804,16804000,8,-0.0049
0,16805,16805000,8,-0.0049
0,16806,16806000,9,0.0000
0,16807,16807000,8,-0.0049
0,16808,16808000,8,-0.0049
0,16809,16809000,9,0.0000
0,16810,16810000,8,-0.0049
0,16811,16811000,8,-0.0049
0,16812,16812000,8,-0.0049
0,16813,16813000,8,-0.0049
0,16814,16814000,8,-0.0049
0,16815,16815000,8,-0.0049
0,16816,16816000,8,-0.0049
0,16817,16817000,7,-0.0098
0,16818,16818000,8,-0.0049
0,16819,16819000,8,-0.0049
0,16820,16820000,9,0.0000
0,16821,16821000,8,-0.0049
0,16822,16822000,8,-0.0049
0,16823,16823000,8,-0.0049
0,16824,16824000,9,0.0000
0,16825,16825000,8,-0.0049
0,16826,16826000,9,0.0000
0,16827,16827000,8,-0.0049
0,16828,16828000,8,-0.0049
0,16829,16829000,8,-0.0049
0,16830,16830000,9,0.0000
0,16831,16831000,8,-0.0049
0,16832,16832000,8,-0.0049
0,16833,16833000,9,0.0000
0,16834,16834000,8,-0.0049
0,16835,16835000,8,-0.0049
0,16836,16836000,8,-0.0049
0,16837,16837000,8,-0.0049
0,16838,16838000,8,-0.0049
0,16839,16839000,8,-0.0049
0,16840,16840000,9,0.0000
0,16841,16841000,9,0.0000
0,16842,16842000,8,-0.0049
0,16843,16843000,9,0.0000
0,16844,16844000,8,-0.0049
0,16845,16845000,8,-0.0049
0,16846,16846000,9,0.0000
0,16847,16847000,8,-0.0049
0,16848,16848000,8,-0.0049
0,16849,16849000,8,-0.0049
0,16850,16850000,9,0.0000
0,16851,16851000,8,-0.0049
0,16852,16852000,9,0.0000
0,16853,16853000,8,-0.0049
0,16854,16854000,8,-0.0049
0,16855,16855000,9,0.0000
0,16856,16856000,9,0.0000
0,16857,16857000,9,0.0000
0,16858,16858000,8,-0.0049
0,16859,16859000,8,-0.0049
0,16860,16860000,9,0.0000
0,16861,16861000,8,-0.0049
0,16862,16862000,8,-0.0049
0,16863,16863000,8,-0.0049
0,16864,16864000,8,-0.0049
0,16865,16865000,8,-0.0049
0,16866,16866000,8,-0.0049
0,16867,16867000,8,-0.0049
0,16868,16868000,8,-0.0049
0,16869,16869000,8,-0.0049
0,16870,16870000,8,-0.0049
0,16871,16871000,8,-0.0049
0,16872,16872000,9,0.0000
0,16873,16873000,8,-0.0049
0,16874,16874000,9,0.0000
0,16875,16875000,8,-0.0049
0,16876,16876000,8,-0.0049
0,16877,16877000,8,-0.0049
0,16878,16878000,9,0.0000
0,16879,16879000,8,-0.0049
0,16880,16880000,8,-0.0049
0,16881,16881000,8,-0.0049
0,16882,16882000,8,-0.0049
0,16883,16883000,8,-0.0049
0,16884,16884000,9,0.0000
0,16885,16885000,8,-0.0049
0,16886,16886000,8,-0.0049
0,16887,16887000,7,-0.0098
0,16888,16888000,8,-0.0049
0,16889,16889000,9,0.0000
0,16890,16890000,8,-0.0049
0,16891,16891000,8,-0.0049
0,16892,16892000,8,-0.0049
0,16893,16893000,8,-0.0049
0,16894,16894000,8,-0.0049
0,16895,16895000,8,-0.0049
0,16896,16896000,8,-0.0049
0,16897,16897000,9,0.0000
0,16898,16898000,8,-0.0049
0,16899,16899000,8,-0.0049
0,16900,16900000,8,-0.0049
0,16901,16901000,8,-0.0049
0,16902,16902000,9,0.0000
0,16903,16903000,9,0.0000
0,16904,16904000,8,-0.0049
0,16905,16905000,8,-0.0049
0,16906,16906000,8,-0.0049
0,16907,16907000,8,-0.0049
0,16908,16908000,9,0.0000
0,16909,16909000,9,0.0000
0,16910,16910000,8,-0.0049
0,16911,16911000,8,-0.0049
0,16912,16912000,8,-0.0049
0,16913,16913000,8,-0.0049
0,16914,16914000,8,-0.0049
0,16915,16915000,9,0.0000
0,16916,16916000,8,-0.0049
0,16917,16917000,8,-0.0049
0,16918,16918000,8,-0.0049
0,16919,16919000,8,-0.0049
0,16920,16920000,8,-0.0049
0,16921,16921000,9,0.0000
0,16922,16922000,8,-0.0049
0,16923,16923000,8,-0.0049
0,16924,16924000,8,-0.0049
0,16925,16925000,8,-0.0049
0,16926,16926000,8,-0.0049
0,16927,16927000,9,0.0000
0,16928,16928000,8,-0.0049
0,16929,16929000,8,-0.0049
0,16930,16930000,8,-0.0049
0,16931,16931000,8,-0.0049
0,16932,16932000,8,-0.0049
0,16933,16933000,8,-0.0049
0,16934,16934000,8,-0.0049
0,16935,16935000,8,-0.0049
0,16936,16936000,8,-0.0049
0,16937,16937000,8,-0.0049
0,16938,16938000,8,-0.0049
0,16939,16939000,9,0.0000
0,16940,16940000,9,0.0000
0,16941,16941000,8,-0.0049
0,16942,16942000,8,-0.0049
0,16943,16943000,8,-0.0049
0,16944,16944000,8,-0.0049
0,16945,16945000,8,-0.0049
0,16946,16946000,7,-0.0098
0,16947,16947000,8,-0.0049
0,16948,16948000,8,-0.0049
0,16949,16949000,7,-0.0098
0,16950,16950000,8,-0.0049
0,16951,16951000,8,-0.0049
0,16952,16952000,8,-0.0049
0,16953,16953000,8,-0.0049
0,16954,16954000,8,-0.0049
0,16955,16955000,8,-0.0049
0,16956,16956000,8,-0.0049
0,16957,16957000,8,-0.0049
0,16958,16958000,8,-0.0049
0,16959,16959000,9,0.0000
0,16960,16960000,8,-0.0049
0,16961,16961000,9,0.0000
0,16962,16962000,8,-0.0049
0,16963,16963000,8,-0.0049
0,16964,16964000,9,0.0000
0,16965,16965000,9,0.0000
0,16966,16966000,9,0.0000
0,16967,16967000,8,-0.0049
0,16968,16968000,8,-0.0049
0,16969,16969000,8,-0.0049
0,16970,16970000,8,-0.0049
0,16971,16971000,8,-0.0049
0,16972,16972000,8,-0.0049
0,16973,16973000,8,-0.0049
0,16974,16974000,8,-0.0049
0,16975,16975000,8,-0.0049
0,16976,16976000,8,-0.0049
0,16977,16977000,8,-0.0049
0,16978,16978000,8,-0.0049
0,16979,16979000,8,-0.0049
0,16980,16980000,9,0.0000
0,16981,16981000,8,-0.0049
0,16982,16982000,8,-0.0049
0,16983,16983000,8,-0.0049
0,16984,16984000,9,0.0000
0,16985,16985000,9,0.0000
0,16986,16986000,8,-0.0049
0,16987,16987000,8,-0.0049
0,16988,16988000,8,-0.0049
0,16989,16989000,8,-0.0049
0,16990,16990000,9,0.0000
0,16991,16991000,9,0.0000
0,16992,16992000,9,0.0000
0,16993,16993000,9,0.0000
0,16994,16994000,8,-0.0049
0,16995,16995000,8,-0.0049
0,16996,16996000,8,-0.0049
0,16997,16997000,8,-0.0049
0,16998,16998000,9,0.0000
0,16999,16999000,8,-0.0049
0,17000,17000000,8,-0.0049
0,17001,17001000,9,0.0000
0,17002,17002000,8,-0.0049
0,17003,17003000,8,-0.0049
0,17004,17004000,8,-0.0049
0,17005,17005000,9,0.0000
0,17006,17006000,8,-0.0049
0,17007,17007000,9,0.0000
0,17008,17008000,9,0.0000
0,17009,17009000,9,0.0000
0,17010,17010000,9,0.0000
0,17011,17011000,8,-0.0049
0,17012,17012000,9,0.0000
0,17013,17013000,9,0.0000
# piezo_capture_simple | baseline=9 | dt_us=16.008 | fs_Hz=62469 | trig=30 | mode=trigger
event,n,t_us,adc_raw,v_piezo
14,-120,-1921.0,0,-0.0440
14,-119,-1905.0,0,-0.0440
14,-118,-1888.9,0,-0.0440
14,-117,-1872.9,0,-0.0440
14,-116,-1856.9,0,-0.0440
14,-115,-1840.9,0,-0.0440
14,-114,-1824.9,0,-0.0440
14,-113,-1808.9,0,-0.0440
14,-112,-1792.9,0,-0.0440
14,-111,-1776.9,0,-0.0440
14,-110,-1760.9,0,-0.0440
14,-109,-1744.9,0,-0.0440
14,-108,-1728.9,0,-0.0440
14,-107,-1712.9,0,-0.0440
14,-106,-1696.8,0,-0.0440
14,-105,-1680.8,0,-0.0440
14,-104,-1664.8,0,-0.0440
14,-103,-1648.8,0,-0.0440
14,-102,-1632.8,0,-0.0440
14,-101,-1616.8,0,-0.0440
14,-100,-1600.8,0,-0.0440
14,-99,-1584.8,0,-0.0440
14,-98,-1568.8,0,-0.0440
14,-97,-1552.8,0,-0.0440
14,-96,-1536.8,0,-0.0440
14,-95,-1520.8,0,-0.0440
14,-94,-1504.8,0,-0.0440
14,-93,-1488.7,0,-0.0440
14,-92,-1472.7,0,-0.0440
14,-91,-1456.7,0,-0.0440
14,-90,-1440.7,0,-0.0440
14,-89,-1424.7,0,-0.0440
14,-88,-1408.7,0,-0.0440
14,-87,-1392.7,0,-0.0440
14,-86,-1376.7,0,-0.0440
14,-85,-1360.7,0,-0.0440
14,-84,-1344.7,0,-0.0440
14,-83,-1328.7,0,-0.0440
14,-82,-1312.7,0,-0.0440
14,-81,-1296.6,0,-0.0440
14,-80,-1280.6,0,-0.0440
14,-79,-1264.6,0,-0.0440
14,-78,-1248.6,0,-0.0440
14,-77,-1232.6,0,-0.0440
14,-76,-1216.6,0,-0.0440
14,-75,-1200.6,0,-0.0440
14,-74,-1184.6,0,-0.0440
14,-73,-1168.6,0,-0.0440
14,-72,-1152.6,0,-0.0440
14,-71,-1136.6,0,-0.0440
14,-70,-1120.6,0,-0.0440
14,-69,-1104.6,0,-0.0440
14,-68,-1088.5,0,-0.0440
14,-67,-1072.5,0,-0.0440
14,-66,-1056.5,0,-0.0440
14,-65,-1040.5,0,-0.0440
14,-64,-1024.5,0,-0.0440
14,-63,-1008.5,0,-0.0440
14,-62,-992.5,0,-0.0440
14,-61,-976.5,0,-0.0440
14,-60,-960.5,0,-0.0440
14,-59,-944.5,0,-0.0440
14,-58,-928.5,0,-0.0440
14,-57,-912.5,0,-0.0440
14,-56,-896.4,0,-0.0440
14,-55,-880.4,0,-0.0440
14,-54,-864.4,0,-0.0440
14,-53,-848.4,0,-0.0440
14,-52,-832.4,0,-0.0440
14,-51,-816.4,0,-0.0440
14,-50,-800.4,0,-0.0440
14,-49,-784.4,0,-0.0440
14,-48,-768.4,0,-0.0440
14,-47,-752.4,0,-0.0440
14,-46,-736.4,0,-0.0440
14,-45,-720.4,0,-0.0440
14,-44,-704.4,0,-0.0440
14,-43,-688.3,0,-0.0440
14,-42,-672.3,0,-0.0440
14,-41,-656.3,0,-0.0440
14,-40,-640.3,0,-0.0440
14,-39,-624.3,0,-0.0440
14,-38,-608.3,0,-0.0440
14,-37,-592.3,0,-0.0440
14,-36,-576.3,0,-0.0440
14,-35,-560.3,0,-0.0440
14,-34,-544.3,0,-0.0440
14,-33,-528.3,0,-0.0440
14,-32,-512.3,0,-0.0440
14,-31,-496.2,0,-0.0440
14,-30,-480.2,0,-0.0440
14,-29,-464.2,0,-0.0440
14,-28,-448.2,0,-0.0440
14,-27,-432.2,0,-0.0440
14,-26,-416.2,0,-0.0440
14,-25,-400.2,0,-0.0440
14,-24,-384.2,0,-0.0440
14,-23,-368.2,0,-0.0440
14,-22,-352.2,0,-0.0440
14,-21,-336.2,0,-0.0440
14,-20,-320.2,0,-0.0440
14,-19,-304.2,0,-0.0440
14,-18,-288.1,0,-0.0440
14,-17,-272.1,0,-0.0440
14,-16,-256.1,0,-0.0440
14,-15,-240.1,0,-0.0440
14,-14,-224.1,0,-0.0440
14,-13,-208.1,0,-0.0440
14,-12,-192.1,0,-0.0440
14,-11,-176.1,0,-0.0440
14,-10,-160.1,0,-0.0440
14,-9,-144.1,0,-0.0440
14,-8,-128.1,0,-0.0440
14,-7,-112.1,0,-0.0440
14,-6,-96.0,0,-0.0440
14,-5,-80.0,0,-0.0440
14,-4,-64.0,0,-0.0440
14,-3,-48.0,7,-0.0098
14,-2,-32.0,30,0.1026
14,-1,-16.0,47,0.1857
14,0,0.0,52,0.2102
14,1,16.0,59,0.2444
14,2,32.0,55,0.2248
14,3,48.0,46,0.1808
14,4,64.0,35,0.1271
14,5,80.0,22,0.0635
14,6,96.0,9,0.0000
14,7,112.1,0,-0.0440
14,8,128.1,0,-0.0440
14,9,144.1,0,-0.0440
14,10,160.1,0,-0.0440
14,11,176.1,0,-0.0440
14,12,192.1,4,-0.0244
14,13,208.1,14,0.0244
14,14,224.1,24,0.0733
14,15,240.1,34,0.1222
14,16,256.1,41,0.1564
14,17,272.1,45,0.1760
14,18,288.1,45,0.1760
14,19,304.2,41,0.1564
14,20,320.2,33,0.1173
14,21,336.2,23,0.0684
14,22,352.2,10,0.0049
14,23,368.2,0,-0.0440
14,24,384.2,0,-0.0440
14,25,400.2,0,-0.0440
14,26,416.2,0,-0.0440
14,27,432.2,0,-0.0440
14,28,448.2,0,-0.0440
14,29,464.2,0,-0.0440
14,30,480.2,0,-0.0440
14,31,496.2,0,-0.0440
14,32,512.3,7,-0.0098
14,33,528.3,28,0.0929
14,34,544.3,44,0.1711
14,35,560.3,56,0.2297
14,36,576.3,63,0.2639
14,37,592.3,67,0.2835
14,38,608.3,66,0.2786
14,39,624.3,60,0.2493
14,40,640.3,50,0.2004
14,41,656.3,33,0.1173
14,42,672.3,10,0.0049
14,43,688.3,0,-0.0440
14,44,704.4,0,-0.0440
14,45,720.4,0,-0.0440
14,46,736.4,0,-0.0440
14,47,752.4,0,-0.0440
14,48,768.4,0,-0.0440
14,49,784.4,0,-0.0440
14,50,800.4,0,-0.0440
14,51,816.4,0,-0.0440
14,52,832.4,0,-0.0440
14,53,848.4,0,-0.0440
14,54,864.4,0,-0.0440
14,55,880.4,25,0.0782
14,56,896.4,57,0.2346
14,57,912.5,83,0.3617
14,58,928.5,101,0.4497
14,59,944.5,111,0.4985
14,60,960.5,111,0.4985
14,61,976.5,103,0.4594
14,62,992.5,88,0.3861
14,63,1008.5,69,0.2933
14,64,1024.5,50,0.2004
14,65,1040.5,32,0.1124
14,66,1056.5,17,0.0391
14,67,1072.5,7,-0.0098
14,68,1088.5,4,-0.0244
14,69,1104.6,9,0.0000
14,70,1120.6,21,0.0587
14,71,1136.6,36,0.1320
14,72,1152.6,53,0.2151
14,73,1168.6,67,0.2835
14,74,1184.6,80,0.3470
14,75,1200.6,88,0.3861
14,76,1216.6,91,0.4008
14,77,1232.6,87,0.3812
14,78,1248.6,76,0.3275
14,79,1264.6,61,0.2542
14,80,1280.6,42,0.1613
14,81,1296.6,20,0.0538
14,82,1312.7,0,-0.0440
14,83,1328.7,0,-0.0440
14,84,1344.7,0,-0.0440
14,85,1360.7,0,-0.0440
14,86,1376.7,0,-0.0440
14,87,1392.7,0,-0.0440
14,88,1408.7,0,-0.0440
14,89,1424.7,9,0.0000
14,90,1440.7,33,0.1173
14,91,1456.7,59,0.2444
14,92,1472.7,83,0.3617
14,93,1488.7,109,0.4888
14,94,1504.8,124,0.5621
14,95,1520.8,132,0.6012
14,96,1536.8,134,0.6109
14,97,1552.8,127,0.5767
14,98,1568.8,117,0.5279
14,99,1584.8,103,0.4594
14,100,1600.8,87,0.3812
14,101,1616.8,70,0.2981
14,102,1632.8,55,0.2248
14,103,1648.8,43,0.1662
14,104,1664.8,36,0.1320
14,105,1680.8,34,0.1222
14,106,1696.8,36,0.1320
14,107,1712.9,43,0.1662
14,108,1728.9,51,0.2053
14,109,1744.9,62,0.2590
14,110,1760.9,71,0.3030
14,111,1776.9,81,0.3519
14,112,1792.9,86,0.3763
14,113,1808.9,83,0.3617
14,114,1824.9,68,0.2884
14,115,1840.9,41,0.1564
14,116,1856.9,7,-0.0098
14,117,1872.9,0,-0.0440
14,118,1888.9,0,-0.0440
14,119,1905.0,0,-0.0440
14,120,1921.0,0,-0.0440
14,121,1937.0,0,-0.0440
14,122,1953.0,0,-0.0440
14,123,1969.0,0,-0.0440
14,124,1985.0,0,-0.0440
14,125,2001.0,0,-0.0440
14,126,2017.0,2,-0.0342
14,127,2033.0,57,0.2346
14,128,2049.0,113,0.5083
14,129,2065.0,163,0.7527
14,130,2081.0,201,0.9384
14,131,2097.0,228,1.0704
14,132,2113.1,241,1.1339
14,133,2129.1,239,1.1241
14,134,2145.1,223,1.0459
14,135,2161.1,192,0.8944
14,136,2177.1,155,0.7136
14,137,2193.1,118,0.5327
14,138,2209.1,87,0.3812
14,139,2225.1,63,0.2639
14,140,2241.1,48,0.1906
14,141,2257.1,44,0.1711
14,142,2273.1,49,0.1955
14,143,2289.1,63,0.2639
14,144,2305.2,83,0.3617
14,145,2321.2,107,0.4790
14,146,2337.2,131,0.5963
14,147,2353.2,152,0.6989
14,148,2369.2,169,0.7820
14,149,2385.2,179,0.8309
14,150,2401.2,181,0.8407
14,151,2417.2,172,0.7967
14,152,2433.2,151,0.6940
14,153,2449.2,109,0.4888
14,154,2465.2,71,0.3030
14,155,2481.2,31,0.1075
14,156,2497.2,0,-0.0440
14,157,2513.3,0,-0.0440
14,158,2529.3,0,-0.0440
14,159,2545.3,0,-0.0440
14,160,2561.3,0,-0.0440
14,161,2577.3,0,-0.0440
14,162,2593.3,6,-0.0147
14,163,2609.3,41,0.1564
14,164,2625.3,84,0.3666
14,165,2641.3,129,0.5865
14,166,2657.3,172,0.7967
14,167,2673.3,207,0.9677
14,168,2689.3,228,1.0704
14,169,2705.4,236,1.1095
14,170,2721.4,231,1.0850
14,171,2737.4,216,1.0117
14,172,2753.4,192,0.8944
14,173,2769.4,163,0.7527
14,174,2785.4,132,0.6012
14,175,2801.4,105,0.4692
14,176,2817.4,81,0.3519
14,177,2833.4,66,0.2786
14,178,2849.4,59,0.2444
14,179,2865.4,61,0.2542
14,180,2881.4,71,0.3030
14,181,2897.4,85,0.3715
14,182,2913.5,103,0.4594
14,183,2929.5,124,0.5621
14,184,2945.5,147,0.6745
14,185,2961.5,167,0.7722
14,186,2977.5,184,0.8553
14,187,2993.5,192,0.8944
14,188,3009.5,192,0.8944
14,189,3025.5,181,0.8407
14,190,3041.5,161,0.7429
14,191,3057.5,134,0.6109
14,192,3073.5,102,0.4545
14,193,3089.5,67,0.2835
14,194,3105.6,35,0.1271
14,195,3121.6,7,-0.0098
14,196,3137.6,0,-0.0440
14,197,3153.6,0,-0.0440
14,198,3169.6,0,-0.0440
14,199,3185.6,0,-0.0440
14,200,3201.6,8,-0.0049
14,201,3217.6,36,0.1320
14,202,3233.6,69,0.2933
14,203,3249.6,104,0.4643
14,204,3265.6,141,0.6452
14,205,3281.6,173,0.8016
14,206,3297.6,199,0.9286
14,207,3313.7,215,1.0068
14,208,3329.7,220,1.0313
14,209,3345.7,214,1.0020
14,210,3361.7,199,0.9286
14,211,3377.7,179,0.8309
14,212,3393.7,156,0.7185
14,213,3409.7,129,0.5865
14,214,3425.7,108,0.4839
14,215,3441.7,91,0.4008
14,216,3457.7,79,0.3421
14,217,3473.7,76,0.3275
14,218,3489.7,81,0.3519
14,219,3505.8,94,0.4154
14,220,3521.8,112,0.5034
14,221,3537.8,134,0.6109
14,222,3553.8,155,0.7136
14,223,3569.8,174,0.8065
14,224,3585.8,189,0.8798
14,225,3601.8,198,0.9238
14,226,3617.8,199,0.9286
14,227,3633.8,192,0.8944
14,228,3649.8,178,0.8260
14,229,3665.8,159,0.7331
14,230,3681.8,137,0.6256
14,231,3697.8,115,0.5181
14,232,3713.9,96,0.4252
14,233,3729.9,80,0.3470
14,234,3745.9,68,0.2884
14,235,3761.9,63,0.2639
14,236,3777.9,65,0.2737
14,237,3793.9,73,0.3128
14,238,3809.9,88,0.3861
14,239,3825.9,108,0.4839
14,240,3841.9,129,0.5865
14,241,3857.9,152,0.6989
14,242,3873.9,172,0.7967
14,243,3889.9,187,0.8700
14,244,3906.0,196,0.9140
14,245,3922.0,199,0.9286
14,246,3938.0,195,0.9091
14,247,3954.0,184,0.8553
14,248,3970.0,167,0.7722
14,249,3986.0,143,0.6549
14,250,4002.0,116,0.5230
14,251,4018.0,88,0.3861
14,252,4034.0,62,0.2590
14,253,4050.0,39,0.1466
14,254,4066.0,24,0.0733
14,255,4082.0,16,0.0342
14,256,4098.0,16,0.0342
14,257,4114.1,25,0.0782
14,258,4130.1,40,0.1515
14,259,4146.1,61,0.2542
14,260,4162.1,85,0.3715
14,261,4178.1,111,0.4985
14,262,4194.1,135,0.6158
14,263,4210.1,158,0.7283
14,264,4226.1,174,0.8065
14,265,4242.1,183,0.8504
14,266,4258.1,184,0.8553
14,267,4274.1,177,0.8211
14,268,4290.1,166,0.7674
14,269,4306.2,150,0.6891
14,270,4322.2,131,0.5963
14,271,4338.2,114,0.5132
14,272,4354.2,101,0.4497
14,273,4370.2,91,0.4008
14,274,4386.2,89,0.3910
14,275,4402.2,93,0.4106
14,276,4418.2,103,0.4594
14,277,4434.2,118,0.5327
14,278,4450.2,135,0.6158
14,279,4466.2,152,0.6989
14,280,4482.2,167,0.7722
14,281,4498.2,178,0.8260
14,282,4514.3,185,0.8602
14,283,4530.3,187,0.8700
14,284,4546.3,182,0.8456
14,285,4562.3,171,0.7918
14,286,4578.3,156,0.7185
14,287,4594.3,138,0.6305
14,288,4610.3,119,0.5376
14,289,4626.3,100,0.4448
14,290,4642.3,85,0.3715
14,291,4658.3,73,0.3128
14,292,4674.3,66,0.2786
14,293,4690.3,63,0.2639
14,294,4706.4,67,0.2835
14,295,4722.4,77,0.3324
14,296,4738.4,91,0.4008
14,297,4754.4,108,0.4839
14,298,4770.4,127,0.5767
14,299,4786.4,143,0.6549
14,300,4802.4,158,0.7283
14,301,4818.4,167,0.7722
14,302,4834.4,174,0.8065
14,303,4850.4,173,0.8016
14,304,4866.4,167,0.7722
14,305,4882.4,156,0.7185
14,306,4898.4,142,0.6500
14,307,4914.5,126,0.5718
14,308,4930.5,111,0.4985
14,309,4946.5,96,0.4252
14,310,4962.5,85,0.3715
14,311,4978.5,77,0.3324
14,312,4994.5,71,0.3030
14,313,5010.5,70,0.2981
14,314,5026.5,70,0.2981
14,315,5042.5,71,0.3030
14,316,5058.5,73,0.3128
14,317,5074.5,74,0.3177
14,318,5090.5,73,0.3128
14,319,5106.6,70,0.2981
14,320,5122.6,67,0.2835
14,321,5138.6,63,0.2639
14,322,5154.6,57,0.2346
14,323,5170.6,51,0.2053
14,324,5186.6,47,0.1857
14,325,5202.6,43,0.1662
14,326,5218.6,43,0.1662
14,327,5234.6,47,0.1857
14,328,5250.6,56,0.2297
14,329,5266.6,68,0.2884
14,330,5282.6,84,0.3666
14,331,5298.6,100,0.4448
14,332,5314.7,116,0.5230
14,333,5330.7,131,0.5963
14,334,5346.7,141,0.6452
14,335,5362.7,148,0.6794
14,336,5378.7,153,0.7038
14,337,5394.7,155,0.7136
14,338,5410.7,152,0.6989
14,339,5426.7,145,0.6647
14,340,5442.7,137,0.6256
14,341,5458.7,127,0.5767
14,342,5474.7,117,0.5279
14,343,5490.7,107,0.4790
14,344,5506.8,99,0.4399
14,345,5522.8,93,0.4106
14,346,5538.8,88,0.3861
14,347,5554.8,86,0.3763
14,348,5570.8,84,0.3666
14,349,5586.8,84,0.3666
14,350,5602.8,86,0.3763
14,351,5618.8,88,0.3861
14,352,5634.8,89,0.3910
14,353,5650.8,90,0.3959
14,354,5666.8,91,0.4008
14,355,5682.8,89,0.3910
14,356,5698.8,88,0.3861
14,357,5714.9,84,0.3666
14,358,5730.9,80,0.3470
14,359,5746.9,77,0.3324
14,360,5762.9,73,0.3128
14,361,5778.9,70,0.2981
14,362,5794.9,68,0.2884
14,363,5810.9,67,0.2835
14,364,5826.9,71,0.3030
14,365,5842.9,76,0.3275
14,366,5858.9,83,0.3617
14,367,5874.9,89,0.3910
14,368,5890.9,96,0.4252
14,369,5907.0,103,0.4594
14,370,5923.0,109,0.4888
14,371,5939.0,114,0.5132
14,372,5955.0,118,0.5327
14,373,5971.0,119,0.5376
14,374,5987.0,118,0.5327
14,375,6003.0,114,0.5132
14,376,6019.0,109,0.4888
14,377,6035.0,103,0.4594
14,378,6051.0,98,0.4350
14,379,6067.0,93,0.4106
14,380,6083.0,88,0.3861
14,381,6099.0,83,0.3617
14,382,6115.1,79,0.3421
14,383,6131.1,78,0.3372
14,384,6147.1,79,0.3421
14,385,6163.1,81,0.3519
14,386,6179.1,84,0.3666
14,387,6195.1,88,0.3861
14,388,6211.1,92,0.4057
14,389,6227.1,96,0.4252
14,390,6243.1,100,0.4448
14,391,6259.1,103,0.4594
14,392,6275.1,105,0.4692
14,393,6291.1,107,0.4790
14,394,6307.2,105,0.4692
14,395,6323.2,103,0.4594
14,396,6339.2,102,0.4545
14,397,6355.2,100,0.4448
14,398,6371.2,99,0.4399
14,399,6387.2,98,0.4350
14,400,6403.2,97,0.4301
14,401,6419.2,97,0.4301
14,402,6435.2,98,0.4350
14,403,6451.2,99,0.4399
14,404,6467.2,102,0.4545
14,405,6483.2,103,0.4594
14,406,6499.2,106,0.4741
14,407,6515.3,108,0.4839
14,408,6531.3,108,0.4839
14,409,6547.3,108,0.4839
14,410,6563.3,107,0.4790
14,411,6579.3,104,0.4643
14,412,6595.3,102,0.4545
14,413,6611.3,97,0.4301
14,414,6627.3,93,0.4106
14,415,6643.3,88,0.3861
14,416,6659.3,83,0.3617
14,417,6675.3,79,0.3421
14,418,6691.3,77,0.3324
14,419,6707.4,76,0.3275
14,420,6723.4,75,0.3226
14,421,6739.4,76,0.3275
14,422,6755.4,78,0.3372
14,423,6771.4,79,0.3421
14,424,6787.4,83,0.3617
14,425,6803.4,87,0.3812
14,426,6819.4,90,0.3959
14,427,6835.4,93,0.4106
14,428,6851.4,95,0.4203
14,429,6867.4,96,0.4252
14,430,6883.4,96,0.4252
14,431,6899.4,96,0.4252
14,432,6915.5,94,0.4154
14,433,6931.5,92,0.4057
14,434,6947.5,90,0.3959
14,435,6963.5,88,0.3861
14,436,6979.5,84,0.3666
14,437,6995.5,83,0.3617
14,438,7011.5,81,0.3519
14,439,7027.5,79,0.3421
14,440,7043.5,79,0.3421
14,441,7059.5,79,0.3421
14,442,7075.5,78,0.3372
14,443,7091.5,76,0.3275
14,444,7107.6,71,0.3030
14,445,7123.6,65,0.2737
14,446,7139.6,56,0.2297
14,447,7155.6,45,0.1760
14,448,7171.6,30,0.1026
14,449,7187.6,14,0.0244
14,450,7203.6,0,-0.0440
14,451,7219.6,0,-0.0440
14,452,7235.6,0,-0.0440
14,453,7251.6,0,-0.0440
14,454,7267.6,0,-0.0440
14,455,7283.6,0,-0.0440
14,456,7299.6,3,-0.0293
14,457,7315.7,20,0.0538
14,458,7331.7,39,0.1466
14,459,7347.7,60,0.2493
14,460,7363.7,81,0.3519
14,461,7379.7,98,0.4350
14,462,7395.7,110,0.4936
14,463,7411.7,115,0.5181
14,464,7427.7,115,0.5181
14,465,7443.7,111,0.4985
14,466,7459.7,103,0.4594
14,467,7475.7,92,0.4057
14,468,7491.7,80,0.3470
14,469,7507.8,70,0.2981
14,470,7523.8,62,0.2590
14,471,7539.8,56,0.2297
14,472,7555.8,55,0.2248
14,473,7571.8,55,0.2248
14,474,7587.8,59,0.2444
14,475,7603.8,64,0.2688
14,476,7619.8,71,0.3030
14,477,7635.8,78,0.3372
14,478,7651.8,83,0.3617
14,479,7667.8,88,0.3861
# event 14 | peak_V=1.134
